,Unix Timestamp,Data
0,1620437400.0,575.7
1,1620437401.0,588.5
2,1620437402.0,593.7
3,1620437403.0,584.6
4,1620437404.0,572.9
5,1620437405.0,568.4
6,1620437406.0,567.7
7,1620437407.0,567.5
8,1620437408.0,569.9
9,1620437409.0,576.3
10,1620437410.0,586.6
11,1620437411.0,591.8
12,1620437412.0,582.2
13,1620437413.0,564.4
14,1620437414.0,556.6
15,1620437415.0,565.9
16,1620437416.0,580.4
17,1620437417.0,584.8
18,1620437418.0,576.8
19,1620437419.0,566.3
20,1620437420.0,562.3
21,1620437421.0,564.6
22,1620437422.0,570.8
23,1620437423.0,579.7
24,1620437424.0,584.9
25,1620437425.0,581.0
26,1620437426.0,571.6
27,1620437427.0,564.4
28,1620437428.0,566.8
29,1620437429.0,574.8
30,1620437430.0,577.2
31,1620437431.0,571.8
32,1620437432.0,570.5
33,1620437433.0,577.8
34,1620437434.0,585.2
35,1620437435.0,585.1
36,1620437436.0,579.4
37,1620437437.0,570.7
38,1620437438.0,558.3
39,1620437439.0,550.3
40,1620437440.0,558.0
41,1620437441.0,573.3
42,1620437442.0,579.2
43,1620437443.0,574.0
44,1620437444.0,566.2
45,1620437445.0,567.1
46,1620437446.0,578.8
47,1620437447.0,586.8
48,1620437448.0,581.1
49,1620437449.0,565.1
50,1620437450.0,549.6
51,1620437451.0,550.2
52,1620437452.0,567.0
53,1620437453.0,580.2
54,1620437454.0,579.9
55,1620437455.0,576.2
56,1620437456.0,575.3
57,1620437457.0,575.6
58,1620437458.0,575.2
59,1620437459.0,575.2
60,1620437460.0,576.0
61,1620437461.0,575.8
62,1620437462.0,572.0
63,1620437463.0,562.9
64,1620437464.0,555.7
65,1620437465.0,561.3
66,1620437466.0,578.3
67,1620437467.0,596.8
68,1620437468.0,603.8
69,1620437469.0,596.1
70,1620437470.0,584.4
71,1620437471.0,577.1
72,1620437472.0,573.0
73,1620437473.0,567.1
74,1620437474.0,563.1
75,1620437475.0,565.7
76,1620437476.0,571.1
77,1620437477.0,574.8
78,1620437478.0,577.2
79,1620437479.0,580.1
80,1620437480.0,581.4
81,1620437481.0,579.2
82,1620437482.0,576.6
83,1620437483.0,572.8
84,1620437484.0,566.8
85,1620437485.0,564.6
86,1620437486.0,565.4
87,1620437487.0,564.1
88,1620437488.0,562.9
89,1620437489.0,568.0
90,1620437490.0,579.0
91,1620437491.0,587.3
92,1620437492.0,584.4
93,1620437493.0,572.7
94,1620437494.0,562.5
95,1620437495.0,561.1
96,1620437496.0,571.9
97,1620437497.0,585.9
98,1620437498.0,591.2
99,1620437499.0,584.7
100,1620437500.0,570.0
101,1620437501.0,560.7
102,1620437502.0,561.8
103,1620437503.0,566.2
104,1620437504.0,572.3
105,1620437505.0,581.5
106,1620437506.0,588.4
107,1620437507.0,584.8
108,1620437508.0,569.5
109,1620437509.0,554.8
110,1620437510.0,553.6
111,1620437511.0,566.2
112,1620437512.0,576.9
113,1620437513.0,576.3
114,1620437514.0,568.2
115,1620437515.0,561.3
116,1620437516.0,562.9
117,1620437517.0,572.6
118,1620437518.0,582.0
119,1620437519.0,584.4
120,1620437520.0,579.8
121,1620437521.0,572.8
122,1620437522.0,567.8
123,1620437523.0,564.5
124,1620437524.0,563.7
125,1620437525.0,569.0
126,1620437526.0,574.6
127,1620437527.0,575.5
128,1620437528.0,576.8
129,1620437529.0,580.5
130,1620437530.0,583.0
131,1620437531.0,581.0
132,1620437532.0,577.2
133,1620437533.0,575.9
134,1620437534.0,579.6
135,1620437535.0,586.4
136,1620437536.0,588.3
137,1620437537.0,577.8
138,1620437538.0,562.0
139,1620437539.0,554.4
140,1620437540.0,559.3
141,1620437541.0,569.3
142,1620437542.0,576.3
143,1620437543.0,582.1
144,1620437544.0,587.9
145,1620437545.0,588.2
146,1620437546.0,578.9
147,1620437547.0,564.6
148,1620437548.0,554.1
149,1620437549.0,552.4
150,1620437550.0,559.9
151,1620437551.0,571.5
152,1620437552.0,580.5
153,1620437553.0,584.9
154,1620437554.0,583.1
155,1620437555.0,577.0
156,1620437556.0,574.7
157,1620437557.0,578.3
158,1620437558.0,581.6
159,1620437559.0,579.9
160,1620437560.0,573.5
161,1620437561.0,565.8
162,1620437562.0,562.1
163,1620437563.0,565.1
164,1620437564.0,571.5
165,1620437565.0,580.1
166,1620437566.0,589.4
167,1620437567.0,590.3
168,1620437568.0,581.6
169,1620437569.0,566.9
170,1620437570.0,553.7
171,1620437571.0,552.1
172,1620437572.0,559.6
173,1620437573.0,567.7
174,1620437574.0,574.5
175,1620437575.0,582.5
176,1620437576.0,586.9
177,1620437577.0,582.6
178,1620437578.0,576.2
179,1620437579.0,570.6
180,1620437580.0,565.5
181,1620437581.0,564.0
182,1620437582.0,566.9
183,1620437583.0,571.5
184,1620437584.0,573.5
185,1620437585.0,574.8
186,1620437586.0,580.6
187,1620437587.0,584.4
188,1620437588.0,578.1
189,1620437589.0,569.3
190,1620437590.0,564.0
191,1620437591.0,558.5
192,1620437592.0,556.7
193,1620437593.0,563.1
194,1620437594.0,573.2
195,1620437595.0,578.9
196,1620437596.0,577.8
197,1620437597.0,573.7
198,1620437598.0,568.7
199,1620437599.0,562.4
200,1620437600.0,562.4
201,1620437601.0,574.3
202,1620437602.0,583.4
203,1620437603.0,577.3
204,1620437604.0,567.0
205,1620437605.0,565.1
206,1620437606.0,574.3
207,1620437607.0,585.9
208,1620437608.0,584.2
209,1620437609.0,568.9
210,1620437610.0,562.0
211,1620437611.0,572.2
212,1620437612.0,580.8
213,1620437613.0,578.8
214,1620437614.0,574.0
215,1620437615.0,571.2
216,1620437616.0,575.5
217,1620437617.0,584.7
218,1620437618.0,584.8
219,1620437619.0,577.8
220,1620437620.0,577.0
221,1620437621.0,579.6
222,1620437622.0,580.5
223,1620437623.0,583.1
224,1620437624.0,581.8
225,1620437625.0,573.7
226,1620437626.0,562.7
227,1620437627.0,556.9
228,1620437628.0,564.1
229,1620437629.0,582.6
230,1620437630.0,599.0
231,1620437631.0,600.7
232,1620437632.0,587.9
233,1620437633.0,571.6
234,1620437634.0,565.2
235,1620437635.0,572.6
236,1620437636.0,583.1
237,1620437637.0,584.3
238,1620437638.0,574.5
239,1620437639.0,560.7
240,1620437640.0,553.8
241,1620437641.0,560.1
242,1620437642.0,573.5
243,1620437643.0,587.2
244,1620437644.0,594.2
245,1620437645.0,587.3
246,1620437646.0,567.5
247,1620437647.0,547.8
248,1620437648.0,541.2
249,1620437649.0,548.8
250,1620437650.0,562.0
251,1620437651.0,575.2
252,1620437652.0,583.2
253,1620437653.0,581.0
254,1620437654.0,571.4
255,1620437655.0,564.3
256,1620437656.0,568.9
257,1620437657.0,582.5
258,1620437658.0,590.6
259,1620437659.0,585.5
260,1620437660.0,573.2
261,1620437661.0,562.0
262,1620437662.0,556.5
263,1620437663.0,557.5
264,1620437664.0,565.2
265,1620437665.0,575.8
266,1620437666.0,582.3
267,1620437667.0,583.1
268,1620437668.0,579.4
269,1620437669.0,575.1
270,1620437670.0,573.0
271,1620437671.0,571.3
272,1620437672.0,572.4
273,1620437673.0,581.9
274,1620437674.0,591.4
275,1620437675.0,585.0
276,1620437676.0,566.9
277,1620437677.0,556.6
278,1620437678.0,565.8
279,1620437679.0,581.7
280,1620437680.0,586.1
281,1620437681.0,582.7
282,1620437682.0,579.8
283,1620437683.0,575.7
284,1620437684.0,569.5
285,1620437685.0,570.1
286,1620437686.0,578.6
287,1620437687.0,587.9
288,1620437688.0,592.6
289,1620437689.0,585.2
290,1620437690.0,566.8
291,1620437691.0,552.6
292,1620437692.0,553.2
293,1620437693.0,562.9
294,1620437694.0,573.8
295,1620437695.0,579.9
296,1620437696.0,576.1
297,1620437697.0,566.9
298,1620437698.0,562.7
299,1620437699.0,567.6
300,1620437700.0,575.9
301,1620437701.0,578.8
302,1620437702.0,573.2
303,1620437703.0,564.6
304,1620437704.0,562.9
305,1620437705.0,568.0
306,1620437706.0,573.2
307,1620437707.0,572.6
308,1620437708.0,567.9
309,1620437709.0,567.9
310,1620437710.0,575.4
311,1620437711.0,580.8
312,1620437712.0,574.1
313,1620437713.0,561.6
314,1620437714.0,558.6
315,1620437715.0,567.9
316,1620437716.0,582.4
317,1620437717.0,591.6
318,1620437718.0,588.9
319,1620437719.0,582.3
320,1620437720.0,577.8
321,1620437721.0,573.8
322,1620437722.0,575.5
323,1620437723.0,583.0
324,1620437724.0,581.8
325,1620437725.0,567.6
326,1620437726.0,554.9
327,1620437727.0,553.5
328,1620437728.0,562.5
329,1620437729.0,578.7
330,1620437730.0,591.6
331,1620437731.0,593.6
332,1620437732.0,587.3
333,1620437733.0,571.9
334,1620437734.0,550.1
335,1620437735.0,538.3
336,1620437736.0,547.9
337,1620437737.0,569.1
338,1620437738.0,585.7
339,1620437739.0,586.0
340,1620437740.0,575.9
341,1620437741.0,573.2
342,1620437742.0,583.4
343,1620437743.0,589.3
344,1620437744.0,581.5
345,1620437745.0,570.9
346,1620437746.0,568.2
347,1620437747.0,570.7
348,1620437748.0,577.1
349,1620437749.0,585.7
350,1620437750.0,588.3
351,1620437751.0,584.2
352,1620437752.0,578.6
353,1620437753.0,577.7
354,1620437754.0,585.2
355,1620437755.0,592.9
356,1620437756.0,589.8
357,1620437757.0,575.1
358,1620437758.0,561.0
359,1620437759.0,560.0
360,1620437760.0,574.9
361,1620437761.0,591.9
362,1620437762.0,591.8
363,1620437763.0,573.8
364,1620437764.0,556.4
365,1620437765.0,552.1
366,1620437766.0,560.1
367,1620437767.0,573.3
368,1620437768.0,580.8
369,1620437769.0,576.3
370,1620437770.0,564.8
371,1620437771.0,560.5
372,1620437772.0,571.0
373,1620437773.0,582.8
374,1620437774.0,579.9
375,1620437775.0,566.6
376,1620437776.0,556.9
377,1620437777.0,559.8
378,1620437778.0,573.5
379,1620437779.0,586.1
380,1620437780.0,586.0
381,1620437781.0,574.5
382,1620437782.0,566.6
383,1620437783.0,573.8
384,1620437784.0,588.1
385,1620437785.0,591.2
386,1620437786.0,582.7
387,1620437787.0,573.2
388,1620437788.0,568.7
389,1620437789.0,569.7
390,1620437790.0,573.2
391,1620437791.0,571.3
392,1620437792.0,564.0
393,1620437793.0,563.4
394,1620437794.0,577.0
395,1620437795.0,595.2
396,1620437796.0,603.0
397,1620437797.0,593.9
398,1620437798.0,573.8
399,1620437799.0,557.0
400,1620437800.0,551.3
401,1620437801.0,552.6
402,1620437802.0,558.8
403,1620437803.0,569.9
404,1620437804.0,578.4
405,1620437805.0,577.6
406,1620437806.0,570.7
407,1620437807.0,568.1
408,1620437808.0,574.3
409,1620437809.0,583.4
410,1620437810.0,586.4
411,1620437811.0,579.4
412,1620437812.0,566.5
413,1620437813.0,561.2
414,1620437814.0,566.8
415,1620437815.0,573.6
416,1620437816.0,577.3
417,1620437817.0,579.4
418,1620437818.0,578.5
419,1620437819.0,573.6
420,1620437820.0,574.5
421,1620437821.0,584.6
422,1620437822.0,594.8
423,1620437823.0,592.9
424,1620437824.0,578.9
425,1620437825.0,567.6
426,1620437826.0,568.6
427,1620437827.0,575.9
428,1620437828.0,578.5
429,1620437829.0,576.0
430,1620437830.0,576.0
431,1620437831.0,578.3
432,1620437832.0,580.2
433,1620437833.0,579.5
434,1620437834.0,574.5
435,1620437835.0,570.8
436,1620437836.0,575.8
437,1620437837.0,587.9
438,1620437838.0,594.8
439,1620437839.0,590.5
440,1620437840.0,581.9
441,1620437841.0,577.1
442,1620437842.0,577.8
443,1620437843.0,577.8
444,1620437844.0,572.7
445,1620437845.0,567.2
446,1620437846.0,571.1
447,1620437847.0,584.2
448,1620437848.0,592.7
449,1620437849.0,589.2
450,1620437850.0,579.7
451,1620437851.0,571.3
452,1620437852.0,562.8
453,1620437853.0,553.4
454,1620437854.0,554.8
455,1620437855.0,572.8
456,1620437856.0,586.6
457,1620437857.0,580.5
458,1620437858.0,566.7
459,1620437859.0,561.9
460,1620437860.0,566.4
461,1620437861.0,575.6
462,1620437862.0,581.7
463,1620437863.0,577.5
464,1620437864.0,564.8
465,1620437865.0,555.1
466,1620437866.0,557.0
467,1620437867.0,568.7
468,1620437868.0,583.2
469,1620437869.0,592.8
470,1620437870.0,591.3
471,1620437871.0,576.2
472,1620437872.0,555.3
473,1620437873.0,547.2
474,1620437874.0,561.1
475,1620437875.0,584.7
476,1620437876.0,601.7
477,1620437877.0,599.3
478,1620437878.0,577.9
479,1620437879.0,558.0
480,1620437880.0,557.9
481,1620437881.0,571.2
482,1620437882.0,578.7
483,1620437883.0,575.5
484,1620437884.0,570.4
485,1620437885.0,574.9
486,1620437886.0,587.8
487,1620437887.0,597.4
488,1620437888.0,598.7
489,1620437889.0,590.4
490,1620437890.0,575.0
491,1620437891.0,562.7
492,1620437892.0,562.7
493,1620437893.0,568.8
494,1620437894.0,569.8
495,1620437895.0,568.6
496,1620437896.0,571.8
497,1620437897.0,580.0
498,1620437898.0,589.9
499,1620437899.0,595.3
500,1620437900.0,593.7
501,1620437901.0,584.3
502,1620437902.0,568.1
503,1620437903.0,554.0
504,1620437904.0,546.4
505,1620437905.0,544.9
506,1620437906.0,550.4
507,1620437907.0,567.6
508,1620437908.0,591.6
509,1620437909.0,605.6
510,1620437910.0,601.8
511,1620437911.0,588.6
512,1620437912.0,573.8
513,1620437913.0,562.8
514,1620437914.0,564.1
515,1620437915.0,577.4
516,1620437916.0,587.8
517,1620437917.0,583.6
518,1620437918.0,571.4
519,1620437919.0,565.6
520,1620437920.0,575.3
521,1620437921.0,592.9
522,1620437922.0,603.5
523,1620437923.0,602.0
524,1620437924.0,589.4
525,1620437925.0,571.1
526,1620437926.0,556.8
527,1620437927.0,552.6
528,1620437928.0,557.8
529,1620437929.0,570.7
530,1620437930.0,583.8
531,1620437931.0,583.7
532,1620437932.0,571.4
533,1620437933.0,564.4
534,1620437934.0,570.9
535,1620437935.0,582.2
536,1620437936.0,588.3
537,1620437937.0,584.6
538,1620437938.0,570.7
539,1620437939.0,553.6
540,1620437940.0,545.2
541,1620437941.0,553.8
542,1620437942.0,570.7
543,1620437943.0,579.6
544,1620437944.0,579.6
545,1620437945.0,580.6
546,1620437946.0,584.0
547,1620437947.0,584.7
548,1620437948.0,579.9
549,1620437949.0,572.9
550,1620437950.0,569.4
551,1620437951.0,567.5
552,1620437952.0,567.8
553,1620437953.0,573.8
554,1620437954.0,581.7
555,1620437955.0,587.9
556,1620437956.0,590.3
557,1620437957.0,588.0
558,1620437958.0,581.0
559,1620437959.0,572.7
560,1620437960.0,567.6
561,1620437961.0,565.0
562,1620437962.0,565.7
563,1620437963.0,570.3
564,1620437964.0,574.4
565,1620437965.0,577.9
566,1620437966.0,586.3
567,1620437967.0,596.1
568,1620437968.0,597.2
569,1620437969.0,588.4
570,1620437970.0,577.2
571,1620437971.0,569.5
572,1620437972.0,567.1
573,1620437973.0,570.5
574,1620437974.0,575.8
575,1620437975.0,576.4
576,1620437976.0,573.4
577,1620437977.0,574.6
578,1620437978.0,583.2
579,1620437979.0,592.6
580,1620437980.0,592.6
581,1620437981.0,580.4
582,1620437982.0,564.3
583,1620437983.0,552.5
584,1620437984.0,550.7
585,1620437985.0,561.7
586,1620437986.0,577.7
587,1620437987.0,584.1
588,1620437988.0,577.0
589,1620437989.0,569.3
590,1620437990.0,568.2
591,1620437991.0,568.3
592,1620437992.0,566.8
593,1620437993.0,572.2
594,1620437994.0,582.7
595,1620437995.0,589.6
596,1620437996.0,589.7
597,1620437997.0,580.4
598,1620437998.0,569.4
599,1620437999.0,566.5
600,1620438000.0,570.8
601,1620438001.0,580.4
602,1620438002.0,594.0
603,1620438003.0,602.4
604,1620438004.0,595.1
605,1620438005.0,574.6
606,1620438006.0,559.0
607,1620438007.0,561.5
608,1620438008.0,574.4
609,1620438009.0,582.6
610,1620438010.0,579.9
611,1620438011.0,570.3
612,1620438012.0,565.8
613,1620438013.0,573.8
614,1620438014.0,586.3
615,1620438015.0,593.3
616,1620438016.0,589.9
617,1620438017.0,579.7
618,1620438018.0,573.3
619,1620438019.0,576.3
620,1620438020.0,580.8
621,1620438021.0,578.0
622,1620438022.0,569.4
623,1620438023.0,563.2
624,1620438024.0,564.0
625,1620438025.0,572.0
626,1620438026.0,587.0
627,1620438027.0,600.2
628,1620438028.0,595.7
629,1620438029.0,577.4
630,1620438030.0,564.7
631,1620438031.0,563.5
632,1620438032.0,571.0
633,1620438033.0,582.0
634,1620438034.0,586.1
635,1620438035.0,576.7
636,1620438036.0,564.9
637,1620438037.0,569.2
638,1620438038.0,585.8
639,1620438039.0,596.4
640,1620438040.0,591.6
641,1620438041.0,575.5
642,1620438042.0,560.1
643,1620438043.0,556.8
644,1620438044.0,566.2
645,1620438045.0,579.2
646,1620438046.0,583.5
647,1620438047.0,578.9
648,1620438048.0,573.9
649,1620438049.0,570.4
650,1620438050.0,573.0
651,1620438051.0,582.7
652,1620438052.0,587.2
653,1620438053.0,578.9
654,1620438054.0,566.9
655,1620438055.0,562.9
656,1620438056.0,569.0
657,1620438057.0,577.0
658,1620438058.0,578.6
659,1620438059.0,571.9
660,1620438060.0,567.8
661,1620438061.0,574.9
662,1620438062.0,584.3
663,1620438063.0,586.0
664,1620438064.0,583.9
665,1620438065.0,580.3
666,1620438066.0,570.3
667,1620438067.0,559.5
668,1620438068.0,557.2
669,1620438069.0,566.0
670,1620438070.0,577.1
671,1620438071.0,581.5
672,1620438072.0,580.8
673,1620438073.0,578.6
674,1620438074.0,579.3
675,1620438075.0,586.3
676,1620438076.0,592.2
677,1620438077.0,585.8
678,1620438078.0,571.1
679,1620438079.0,560.5
680,1620438080.0,560.3
681,1620438081.0,569.2
682,1620438082.0,580.5
683,1620438083.0,586.2
684,1620438084.0,584.8
685,1620438085.0,582.9
686,1620438086.0,583.2
687,1620438087.0,585.7
688,1620438088.0,589.0
689,1620438089.0,587.7
690,1620438090.0,579.5
691,1620438091.0,567.3
692,1620438092.0,560.0
693,1620438093.0,567.0
694,1620438094.0,584.0
695,1620438095.0,597.4
696,1620438096.0,596.5
697,1620438097.0,583.5
698,1620438098.0,568.0
699,1620438099.0,559.3
700,1620438100.0,565.3
701,1620438101.0,579.7
702,1620438102.0,588.6
703,1620438103.0,585.2
704,1620438104.0,575.3
705,1620438105.0,569.0
706,1620438106.0,574.1
707,1620438107.0,585.6
708,1620438108.0,589.7
709,1620438109.0,582.4
710,1620438110.0,575.0
711,1620438111.0,576.9
712,1620438112.0,578.5
713,1620438113.0,572.2
714,1620438114.0,568.6
715,1620438115.0,573.6
716,1620438116.0,576.1
717,1620438117.0,573.4
718,1620438118.0,577.6
719,1620438119.0,591.1
720,1620438120.0,598.9
721,1620438121.0,591.0
722,1620438122.0,574.2
723,1620438123.0,563.9
724,1620438124.0,565.2
725,1620438125.0,569.8
726,1620438126.0,573.7
727,1620438127.0,579.0
728,1620438128.0,584.2
729,1620438129.0,584.5
730,1620438130.0,577.8
731,1620438131.0,567.3
732,1620438132.0,560.9
733,1620438133.0,564.0
734,1620438134.0,578.4
735,1620438135.0,592.2
736,1620438136.0,590.1
737,1620438137.0,574.9
738,1620438138.0,560.4
739,1620438139.0,559.7
740,1620438140.0,573.4
741,1620438141.0,583.1
742,1620438142.0,576.4
743,1620438143.0,565.2
744,1620438144.0,564.7
745,1620438145.0,576.0
746,1620438146.0,590.5
747,1620438147.0,598.8
748,1620438148.0,596.8
749,1620438149.0,586.5
750,1620438150.0,573.8
751,1620438151.0,565.1
752,1620438152.0,564.5
753,1620438153.0,570.2
754,1620438154.0,575.0
755,1620438155.0,579.9
756,1620438156.0,587.4
757,1620438157.0,591.2
758,1620438158.0,583.3
759,1620438159.0,568.6
760,1620438160.0,562.5
761,1620438161.0,570.2
762,1620438162.0,583.0
763,1620438163.0,587.1
764,1620438164.0,578.8
765,1620438165.0,568.7
766,1620438166.0,564.6
767,1620438167.0,567.9
768,1620438168.0,579.7
769,1620438169.0,593.4
770,1620438170.0,597.0
771,1620438171.0,590.0
772,1620438172.0,580.7
773,1620438173.0,575.4
774,1620438174.0,574.8
775,1620438175.0,578.8
776,1620438176.0,584.4
777,1620438177.0,585.0
778,1620438178.0,578.5
779,1620438179.0,568.0
780,1620438180.0,560.9
781,1620438181.0,565.4
782,1620438182.0,579.9
783,1620438183.0,592.2
784,1620438184.0,592.7
785,1620438185.0,584.2
786,1620438186.0,571.7
787,1620438187.0,561.9
788,1620438188.0,561.9
789,1620438189.0,568.4
790,1620438190.0,574.4
791,1620438191.0,579.6
792,1620438192.0,585.4
793,1620438193.0,589.2
794,1620438194.0,587.8
795,1620438195.0,582.9
796,1620438196.0,577.2
797,1620438197.0,571.6
798,1620438198.0,566.1
799,1620438199.0,561.3
800,1620438200.0,563.1
801,1620438201.0,572.5
802,1620438202.0,579.2
803,1620438203.0,578.4
804,1620438204.0,576.2
805,1620438205.0,574.3
806,1620438206.0,570.6
807,1620438207.0,569.6
808,1620438208.0,577.5
809,1620438209.0,590.5
810,1620438210.0,597.1
811,1620438211.0,590.9
812,1620438212.0,574.6
813,1620438213.0,558.9
814,1620438214.0,553.0
815,1620438215.0,559.1
816,1620438216.0,576.5
817,1620438217.0,598.4
818,1620438218.0,607.6
819,1620438219.0,599.0
820,1620438220.0,583.8
821,1620438221.0,569.5
822,1620438222.0,559.4
823,1620438223.0,558.5
824,1620438224.0,570.8
825,1620438225.0,588.6
826,1620438226.0,596.4
827,1620438227.0,588.5
828,1620438228.0,572.3
829,1620438229.0,561.7
830,1620438230.0,565.9
831,1620438231.0,578.5
832,1620438232.0,588.0
833,1620438233.0,588.4
834,1620438234.0,582.9
835,1620438235.0,577.6
836,1620438236.0,573.0
837,1620438237.0,569.1
838,1620438238.0,567.2
839,1620438239.0,571.0
840,1620438240.0,580.7
841,1620438241.0,586.1
842,1620438242.0,583.7
843,1620438243.0,579.0
844,1620438244.0,577.1
845,1620438245.0,579.4
846,1620438246.0,584.9
847,1620438247.0,589.4
848,1620438248.0,586.1
849,1620438249.0,575.6
850,1620438250.0,566.0
851,1620438251.0,566.5
852,1620438252.0,576.9
853,1620438253.0,585.4
854,1620438254.0,585.6
855,1620438255.0,583.7
856,1620438256.0,583.8
857,1620438257.0,583.3
858,1620438258.0,582.2
859,1620438259.0,580.7
860,1620438260.0,577.6
861,1620438261.0,574.9
862,1620438262.0,576.9
863,1620438263.0,583.6
864,1620438264.0,589.1
865,1620438265.0,587.9
866,1620438266.0,581.5
867,1620438267.0,576.1
868,1620438268.0,574.8
869,1620438269.0,574.9
870,1620438270.0,573.9
871,1620438271.0,576.9
872,1620438272.0,585.1
873,1620438273.0,590.8
874,1620438274.0,588.0
875,1620438275.0,576.9
876,1620438276.0,566.1
877,1620438277.0,563.3
878,1620438278.0,568.3
879,1620438279.0,574.4
880,1620438280.0,578.4
881,1620438281.0,583.1
882,1620438282.0,586.5
883,1620438283.0,584.9
884,1620438284.0,582.7
885,1620438285.0,580.2
886,1620438286.0,574.6
887,1620438287.0,568.2
888,1620438288.0,563.0
889,1620438289.0,561.5
890,1620438290.0,565.2
891,1620438291.0,572.1
892,1620438292.0,583.1
893,1620438293.0,595.5
894,1620438294.0,599.5
895,1620438295.0,594.4
896,1620438296.0,587.9
897,1620438297.0,579.0
898,1620438298.0,567.9
899,1620438299.0,560.0
900,1620438300.0,559.4
901,1620438301.0,568.2
902,1620438302.0,581.9
903,1620438303.0,594.5
904,1620438304.0,595.1
905,1620438305.0,583.8
906,1620438306.0,572.8
907,1620438307.0,576.3
908,1620438308.0,588.7
909,1620438309.0,594.7
910,1620438310.0,589.9
911,1620438311.0,577.6
912,1620438312.0,562.7
913,1620438313.0,557.8
914,1620438314.0,566.9
915,1620438315.0,580.5
916,1620438316.0,592.1
917,1620438317.0,596.9
918,1620438318.0,587.7
919,1620438319.0,572.5
920,1620438320.0,569.1
921,1620438321.0,576.1
922,1620438322.0,582.3
923,1620438323.0,581.8
924,1620438324.0,577.1
925,1620438325.0,571.0
926,1620438326.0,565.8
927,1620438327.0,567.7
928,1620438328.0,580.9
929,1620438329.0,594.4
930,1620438330.0,593.4
931,1620438331.0,581.5
932,1620438332.0,570.6
933,1620438333.0,567.3
934,1620438334.0,575.1
935,1620438335.0,587.3
936,1620438336.0,592.6
937,1620438337.0,586.1
938,1620438338.0,572.1
939,1620438339.0,560.0
940,1620438340.0,559.5
941,1620438341.0,573.3
942,1620438342.0,592.5
943,1620438343.0,603.7
944,1620438344.0,597.9
945,1620438345.0,579.5
946,1620438346.0,563.2
947,1620438347.0,561.6
948,1620438348.0,571.0
949,1620438349.0,577.4
950,1620438350.0,575.8
951,1620438351.0,571.3
952,1620438352.0,569.8
953,1620438353.0,574.2
954,1620438354.0,583.7
955,1620438355.0,595.2
956,1620438356.0,602.7
957,1620438357.0,596.3
958,1620438358.0,575.7
959,1620438359.0,556.8
960,1620438360.0,553.1
961,1620438361.0,565.9
962,1620438362.0,583.3
963,1620438363.0,588.4
964,1620438364.0,580.7
965,1620438365.0,575.7
966,1620438366.0,583.8
967,1620438367.0,596.3
968,1620438368.0,598.4
969,1620438369.0,591.4
970,1620438370.0,583.5
971,1620438371.0,580.6
972,1620438372.0,581.3
973,1620438373.0,576.1
974,1620438374.0,566.9
975,1620438375.0,561.7
976,1620438376.0,563.3
977,1620438377.0,573.6
978,1620438378.0,588.5
979,1620438379.0,596.5
980,1620438380.0,596.7
981,1620438381.0,593.6
982,1620438382.0,589.2
983,1620438383.0,584.5
984,1620438384.0,577.3
985,1620438385.0,569.8
986,1620438386.0,565.6
987,1620438387.0,570.1
988,1620438388.0,579.5
989,1620438389.0,585.2
990,1620438390.0,586.6
991,1620438391.0,582.9
992,1620438392.0,575.1
993,1620438393.0,573.7
994,1620438394.0,581.7
995,1620438395.0,592.1
996,1620438396.0,596.7
997,1620438397.0,589.0
998,1620438398.0,572.8
999,1620438399.0,558.8
1000,1620438400.0,555.9
1001,1620438401.0,563.1
1002,1620438402.0,574.9
1003,1620438403.0,585.2
1004,1620438404.0,583.5
1005,1620438405.0,572.2
1006,1620438406.0,566.8
1007,1620438407.0,572.4
1008,1620438408.0,584.5
1009,1620438409.0,592.9
1010,1620438410.0,589.6
1011,1620438411.0,574.4
1012,1620438412.0,562.8
1013,1620438413.0,566.3
1014,1620438414.0,575.8
1015,1620438415.0,581.5
1016,1620438416.0,580.4
1017,1620438417.0,575.3
1018,1620438418.0,574.3
1019,1620438419.0,585.8
1020,1620438420.0,598.8
1021,1620438421.0,597.5
1022,1620438422.0,582.2
1023,1620438423.0,564.5
1024,1620438424.0,554.2
1025,1620438425.0,558.5
1026,1620438426.0,574.6
1027,1620438427.0,592.8
1028,1620438428.0,599.0
1029,1620438429.0,588.8
1030,1620438430.0,574.5
1031,1620438431.0,571.2
1032,1620438432.0,583.0
1033,1620438433.0,598.7
1034,1620438434.0,599.3
1035,1620438435.0,580.7
1036,1620438436.0,559.5
1037,1620438437.0,553.2
1038,1620438438.0,562.1
1039,1620438439.0,576.8
1040,1620438440.0,589.6
1041,1620438441.0,596.6
1042,1620438442.0,595.1
1043,1620438443.0,586.1
1044,1620438444.0,577.2
1045,1620438445.0,575.6
1046,1620438446.0,583.3
1047,1620438447.0,593.3
1048,1620438448.0,592.3
1049,1620438449.0,582.2
1050,1620438450.0,574.4
1051,1620438451.0,571.7
1052,1620438452.0,571.6
1053,1620438453.0,574.6
1054,1620438454.0,579.7
1055,1620438455.0,584.5
1056,1620438456.0,588.3
1057,1620438457.0,587.3
1058,1620438458.0,583.0
1059,1620438459.0,582.4
1060,1620438460.0,583.5
1061,1620438461.0,582.3
1062,1620438462.0,579.6
1063,1620438463.0,577.9
1064,1620438464.0,577.5
1065,1620438465.0,578.2
1066,1620438466.0,579.2
1067,1620438467.0,580.1
1068,1620438468.0,582.4
1069,1620438469.0,581.4
1070,1620438470.0,576.4
1071,1620438471.0,574.9
1072,1620438472.0,578.7
1073,1620438473.0,581.7
1074,1620438474.0,579.8
1075,1620438475.0,575.5
1076,1620438476.0,575.3
1077,1620438477.0,580.8
1078,1620438478.0,584.3
1079,1620438479.0,580.9
1080,1620438480.0,579.1
1081,1620438481.0,580.1
1082,1620438482.0,579.4
1083,1620438483.0,578.1
1084,1620438484.0,577.4
1085,1620438485.0,578.1
1086,1620438486.0,583.4
1087,1620438487.0,592.2
1088,1620438488.0,593.2
1089,1620438489.0,582.1
1090,1620438490.0,571.1
1091,1620438491.0,568.8
1092,1620438492.0,570.3
1093,1620438493.0,575.5
1094,1620438494.0,583.8
1095,1620438495.0,587.7
1096,1620438496.0,586.0
1097,1620438497.0,584.1
1098,1620438498.0,586.6
1099,1620438499.0,584.6
1100,1620438500.0,571.0
1101,1620438501.0,560.3
1102,1620438502.0,568.7
1103,1620438503.0,590.0
1104,1620438504.0,600.8
1105,1620438505.0,592.8
1106,1620438506.0,578.8
1107,1620438507.0,574.2
1108,1620438508.0,577.5
1109,1620438509.0,584.4
1110,1620438510.0,589.2
1111,1620438511.0,588.6
1112,1620438512.0,583.4
1113,1620438513.0,576.8
1114,1620438514.0,573.5
1115,1620438515.0,571.5
1116,1620438516.0,568.9
1117,1620438517.0,570.1
1118,1620438518.0,580.7
1119,1620438519.0,590.5
1120,1620438520.0,587.8
1121,1620438521.0,580.3
1122,1620438522.0,580.8
1123,1620438523.0,579.7
1124,1620438524.0,572.1
1125,1620438525.0,570.3
1126,1620438526.0,576.5
1127,1620438527.0,583.1
1128,1620438528.0,586.8
1129,1620438529.0,588.4
1130,1620438530.0,588.1
1131,1620438531.0,584.8
1132,1620438532.0,578.5
1133,1620438533.0,571.8
1134,1620438534.0,570.8
1135,1620438535.0,575.7
1136,1620438536.0,580.9
1137,1620438537.0,583.4
1138,1620438538.0,584.2
1139,1620438539.0,580.0
1140,1620438540.0,570.0
1141,1620438541.0,563.6
1142,1620438542.0,569.6
1143,1620438543.0,581.3
1144,1620438544.0,585.0
1145,1620438545.0,579.3
1146,1620438546.0,572.6
1147,1620438547.0,574.3
1148,1620438548.0,586.4
1149,1620438549.0,593.7
1150,1620438550.0,586.5
1151,1620438551.0,576.1
1152,1620438552.0,573.1
1153,1620438553.0,572.7
1154,1620438554.0,571.8
1155,1620438555.0,579.9
1156,1620438556.0,598.2
1157,1620438557.0,607.7
1158,1620438558.0,592.2
1159,1620438559.0,566.7
1160,1620438560.0,558.1
1161,1620438561.0,572.1
1162,1620438562.0,591.8
1163,1620438563.0,597.4
1164,1620438564.0,582.4
1165,1620438565.0,563.6
1166,1620438566.0,563.2
1167,1620438567.0,579.1
1168,1620438568.0,594.5
1169,1620438569.0,595.6
1170,1620438570.0,585.5
1171,1620438571.0,576.5
1172,1620438572.0,575.6
1173,1620438573.0,580.4
1174,1620438574.0,583.4
1175,1620438575.0,581.4
1176,1620438576.0,574.9
1177,1620438577.0,566.5
1178,1620438578.0,561.9
1179,1620438579.0,565.0
1180,1620438580.0,576.9
1181,1620438581.0,591.2
1182,1620438582.0,592.7
1183,1620438583.0,575.3
1184,1620438584.0,556.2
1185,1620438585.0,554.6
1186,1620438586.0,570.9
1187,1620438587.0,585.6
1188,1620438588.0,583.1
1189,1620438589.0,570.8
1190,1620438590.0,566.6
1191,1620438591.0,575.5
1192,1620438592.0,589.0
1193,1620438593.0,597.5
1194,1620438594.0,594.6
1195,1620438595.0,582.2
1196,1620438596.0,571.7
1197,1620438597.0,572.2
1198,1620438598.0,579.3
1199,1620438599.0,584.7
1200,1620438600.0,586.5
1201,1620438601.0,587.9
1202,1620438602.0,588.3
1203,1620438603.0,582.7
1204,1620438604.0,573.2
1205,1620438605.0,567.0
1206,1620438606.0,571.0
1207,1620438607.0,585.1
1208,1620438608.0,598.7
1209,1620438609.0,599.9
1210,1620438610.0,586.7
1211,1620438611.0,570.5
1212,1620438612.0,564.2
1213,1620438613.0,570.9
1214,1620438614.0,585.7
1215,1620438615.0,599.4
1216,1620438616.0,603.7
1217,1620438617.0,597.2
1218,1620438618.0,585.1
1219,1620438619.0,573.7
1220,1620438620.0,566.2
1221,1620438621.0,566.9
1222,1620438622.0,575.2
1223,1620438623.0,584.1
1224,1620438624.0,587.7
1225,1620438625.0,585.7
1226,1620438626.0,585.8
1227,1620438627.0,589.6
1228,1620438628.0,586.2
1229,1620438629.0,574.8
1230,1620438630.0,564.4
1231,1620438631.0,560.3
1232,1620438632.0,564.6
1233,1620438633.0,574.2
1234,1620438634.0,583.5
1235,1620438635.0,585.2
1236,1620438636.0,580.3
1237,1620438637.0,576.4
1238,1620438638.0,576.0
1239,1620438639.0,577.5
1240,1620438640.0,577.1
1241,1620438641.0,573.1
1242,1620438642.0,569.0
1243,1620438643.0,571.0
1244,1620438644.0,580.7
1245,1620438645.0,591.7
1246,1620438646.0,593.6
1247,1620438647.0,582.4
1248,1620438648.0,568.1
1249,1620438649.0,565.4
1250,1620438650.0,576.9
1251,1620438651.0,585.2
1252,1620438652.0,578.2
1253,1620438653.0,565.5
1254,1620438654.0,561.6
1255,1620438655.0,569.5
1256,1620438656.0,583.2
1257,1620438657.0,596.4
1258,1620438658.0,598.5
1259,1620438659.0,586.5
1260,1620438660.0,570.8
1261,1620438661.0,562.7
1262,1620438662.0,566.8
1263,1620438663.0,574.6
1264,1620438664.0,578.9
1265,1620438665.0,580.7
1266,1620438666.0,580.7
1267,1620438667.0,579.2
1268,1620438668.0,578.4
1269,1620438669.0,581.2
1270,1620438670.0,586.1
1271,1620438671.0,588.1
1272,1620438672.0,585.6
1273,1620438673.0,584.8
1274,1620438674.0,588.3
1275,1620438675.0,590.7
1276,1620438676.0,591.8
1277,1620438677.0,593.1
1278,1620438678.0,588.8
1279,1620438679.0,576.4
1280,1620438680.0,569.9
1281,1620438681.0,578.5
1282,1620438682.0,589.9
1283,1620438683.0,590.1
1284,1620438684.0,585.1
1285,1620438685.0,584.3
1286,1620438686.0,587.7
1287,1620438687.0,592.7
1288,1620438688.0,595.6
1289,1620438689.0,587.6
1290,1620438690.0,567.8
1291,1620438691.0,554.1
1292,1620438692.0,558.6
1293,1620438693.0,572.6
1294,1620438694.0,583.3
1295,1620438695.0,592.6
1296,1620438696.0,600.6
1297,1620438697.0,597.4
1298,1620438698.0,583.6
1299,1620438699.0,570.7
1300,1620438700.0,568.2
1301,1620438701.0,578.0
1302,1620438702.0,592.0
1303,1620438703.0,596.8
1304,1620438704.0,586.3
1305,1620438705.0,572.7
1306,1620438706.0,569.2
1307,1620438707.0,575.0
1308,1620438708.0,583.7
1309,1620438709.0,589.3
1310,1620438710.0,590.6
1311,1620438711.0,587.0
1312,1620438712.0,580.0
1313,1620438713.0,575.9
1314,1620438714.0,577.0
1315,1620438715.0,577.0
1316,1620438716.0,572.4
1317,1620438717.0,567.5
1318,1620438718.0,568.9
1319,1620438719.0,577.4
1320,1620438720.0,588.1
1321,1620438721.0,592.8
1322,1620438722.0,586.7
1323,1620438723.0,576.1
1324,1620438724.0,569.6
1325,1620438725.0,570.2
1326,1620438726.0,579.5
1327,1620438727.0,590.3
1328,1620438728.0,591.7
1329,1620438729.0,578.7
1330,1620438730.0,560.6
1331,1620438731.0,558.5
1332,1620438732.0,580.3
1333,1620438733.0,606.6
1334,1620438734.0,608.7
1335,1620438735.0,588.5
1336,1620438736.0,571.1
1337,1620438737.0,566.4
1338,1620438738.0,566.3
1339,1620438739.0,565.5
1340,1620438740.0,566.9
1341,1620438741.0,571.8
1342,1620438742.0,576.7
1343,1620438743.0,580.9
1344,1620438744.0,587.4
1345,1620438745.0,590.7
1346,1620438746.0,585.5
1347,1620438747.0,577.7
1348,1620438748.0,575.0
1349,1620438749.0,581.3
1350,1620438750.0,586.8
1351,1620438751.0,576.4
1352,1620438752.0,561.2
1353,1620438753.0,559.9
1354,1620438754.0,569.9
1355,1620438755.0,579.9
1356,1620438756.0,584.6
1357,1620438757.0,586.4
1358,1620438758.0,588.4
1359,1620438759.0,585.4
1360,1620438760.0,577.1
1361,1620438761.0,573.2
1362,1620438762.0,578.8
1363,1620438763.0,589.9
1364,1620438764.0,596.9
1365,1620438765.0,593.1
1366,1620438766.0,580.0
1367,1620438767.0,566.0
1368,1620438768.0,560.8
1369,1620438769.0,569.2
1370,1620438770.0,585.7
1371,1620438771.0,597.3
1372,1620438772.0,595.8
1373,1620438773.0,583.3
1374,1620438774.0,569.1
1375,1620438775.0,568.8
1376,1620438776.0,582.5
1377,1620438777.0,591.2
1378,1620438778.0,582.8
1379,1620438779.0,564.8
1380,1620438780.0,553.7
1381,1620438781.0,557.0
1382,1620438782.0,570.6
1383,1620438783.0,584.0
1384,1620438784.0,594.3
1385,1620438785.0,601.8
1386,1620438786.0,600.8
1387,1620438787.0,590.5
1388,1620438788.0,577.7
1389,1620438789.0,568.7
1390,1620438790.0,568.8
1391,1620438791.0,577.7
1392,1620438792.0,588.0
1393,1620438793.0,593.7
1394,1620438794.0,591.8
1395,1620438795.0,582.0
1396,1620438796.0,572.1
1397,1620438797.0,571.8
1398,1620438798.0,580.5
1399,1620438799.0,590.4
1400,1620438800.0,598.3
1401,1620438801.0,599.4
1402,1620438802.0,590.2
1403,1620438803.0,578.6
1404,1620438804.0,576.9
1405,1620438805.0,586.6
1406,1620438806.0,597.0
1407,1620438807.0,595.2
1408,1620438808.0,583.2
1409,1620438809.0,572.9
1410,1620438810.0,570.0
1411,1620438811.0,575.0
1412,1620438812.0,583.2
1413,1620438813.0,587.2
1414,1620438814.0,586.9
1415,1620438815.0,585.2
1416,1620438816.0,581.9
1417,1620438817.0,577.8
1418,1620438818.0,577.0
1419,1620438819.0,579.9
1420,1620438820.0,579.5
1421,1620438821.0,572.9
1422,1620438822.0,569.9
1423,1620438823.0,575.7
1424,1620438824.0,580.5
1425,1620438825.0,581.5
1426,1620438826.0,587.4
1427,1620438827.0,593.2
1428,1620438828.0,590.8
1429,1620438829.0,582.5
1430,1620438830.0,571.2
1431,1620438831.0,559.9
1432,1620438832.0,555.5
1433,1620438833.0,563.1
1434,1620438834.0,581.1
1435,1620438835.0,596.6
1436,1620438836.0,595.4
1437,1620438837.0,580.7
1438,1620438838.0,566.8
1439,1620438839.0,562.9
1440,1620438840.0,574.7
1441,1620438841.0,595.4
1442,1620438842.0,605.3
1443,1620438843.0,596.3
1444,1620438844.0,580.5
1445,1620438845.0,569.4
1446,1620438846.0,567.9
1447,1620438847.0,580.2
1448,1620438848.0,593.8
1449,1620438849.0,593.1
1450,1620438850.0,579.6
1451,1620438851.0,570.1
1452,1620438852.0,570.8
1453,1620438853.0,573.0
1454,1620438854.0,575.9
1455,1620438855.0,582.9
1456,1620438856.0,589.4
1457,1620438857.0,589.9
1458,1620438858.0,587.2
1459,1620438859.0,588.0
1460,1620438860.0,593.1
1461,1620438861.0,594.5
1462,1620438862.0,588.0
1463,1620438863.0,580.9
1464,1620438864.0,578.2
1465,1620438865.0,573.4
1466,1620438866.0,565.0
1467,1620438867.0,560.8
1468,1620438868.0,564.4
1469,1620438869.0,568.6
1470,1620438870.0,573.2
1471,1620438871.0,584.1
1472,1620438872.0,595.5
1473,1620438873.0,595.8
1474,1620438874.0,587.9
1475,1620438875.0,584.2
1476,1620438876.0,582.2
1477,1620438877.0,574.9
1478,1620438878.0,566.2
1479,1620438879.0,564.9
1480,1620438880.0,570.3
1481,1620438881.0,576.8
1482,1620438882.0,580.6
1483,1620438883.0,585.7
1484,1620438884.0,597.2
1485,1620438885.0,612.1
1486,1620438886.0,616.7
1487,1620438887.0,601.0
1488,1620438888.0,577.5
1489,1620438889.0,564.2
1490,1620438890.0,568.1
1491,1620438891.0,580.9
1492,1620438892.0,587.7
1493,1620438893.0,583.6
1494,1620438894.0,578.6
1495,1620438895.0,580.8
1496,1620438896.0,588.2
1497,1620438897.0,598.0
1498,1620438898.0,605.1
1499,1620438899.0,598.4
1500,1620438900.0,577.4
1501,1620438901.0,560.0
1502,1620438902.0,559.2
1503,1620438903.0,572.8
1504,1620438904.0,591.9
1505,1620438905.0,601.4
1506,1620438906.0,597.7
1507,1620438907.0,590.9
1508,1620438908.0,580.9
1509,1620438909.0,565.8
1510,1620438910.0,555.0
1511,1620438911.0,561.2
1512,1620438912.0,583.3
1513,1620438913.0,604.8
1514,1620438914.0,608.0
1515,1620438915.0,594.4
1516,1620438916.0,578.6
1517,1620438917.0,574.7
1518,1620438918.0,578.1
1519,1620438919.0,573.8
1520,1620438920.0,563.6
1521,1620438921.0,566.3
1522,1620438922.0,587.7
1523,1620438923.0,606.7
1524,1620438924.0,606.6
1525,1620438925.0,590.4
1526,1620438926.0,574.6
1527,1620438927.0,569.4
1528,1620438928.0,571.2
1529,1620438929.0,575.8
1530,1620438930.0,584.8
1531,1620438931.0,592.7
1532,1620438932.0,592.4
1533,1620438933.0,592.1
1534,1620438934.0,599.8
1535,1620438935.0,605.2
1536,1620438936.0,594.7
1537,1620438937.0,572.6
1538,1620438938.0,556.7
1539,1620438939.0,557.2
1540,1620438940.0,567.2
1541,1620438941.0,575.4
1542,1620438942.0,583.2
1543,1620438943.0,592.7
1544,1620438944.0,596.0
1545,1620438945.0,585.7
1546,1620438946.0,571.1
1547,1620438947.0,572.1
1548,1620438948.0,585.0
1549,1620438949.0,588.9
1550,1620438950.0,580.8
1551,1620438951.0,570.6
1552,1620438952.0,567.2
1553,1620438953.0,575.3
1554,1620438954.0,587.3
1555,1620438955.0,591.8
1556,1620438956.0,586.5
1557,1620438957.0,576.5
1558,1620438958.0,570.1
1559,1620438959.0,575.0
1560,1620438960.0,585.6
1561,1620438961.0,585.7
1562,1620438962.0,573.9
1563,1620438963.0,566.2
1564,1620438964.0,568.0
1565,1620438965.0,576.5
1566,1620438966.0,592.1
1567,1620438967.0,605.1
1568,1620438968.0,604.9
1569,1620438969.0,591.7
1570,1620438970.0,577.1
1571,1620438971.0,571.5
1572,1620438972.0,572.7
1573,1620438973.0,574.9
1574,1620438974.0,575.8
1575,1620438975.0,574.7
1576,1620438976.0,575.2
1577,1620438977.0,580.3
1578,1620438978.0,584.8
1579,1620438979.0,582.2
1580,1620438980.0,575.6
1581,1620438981.0,572.4
1582,1620438982.0,576.6
1583,1620438983.0,584.2
1584,1620438984.0,588.6
1585,1620438985.0,588.2
1586,1620438986.0,585.1
1587,1620438987.0,579.8
1588,1620438988.0,572.7
1589,1620438989.0,571.0
1590,1620438990.0,577.9
1591,1620438991.0,585.5
1592,1620438992.0,590.4
1593,1620438993.0,595.6
1594,1620438994.0,594.2
1595,1620438995.0,584.5
1596,1620438996.0,578.8
1597,1620438997.0,585.0
1598,1620438998.0,595.4
1599,1620438999.0,599.2
1600,1620439000.0,593.3
1601,1620439001.0,577.6
1602,1620439002.0,559.4
1603,1620439003.0,552.4
1604,1620439004.0,566.2
1605,1620439005.0,590.2
1606,1620439006.0,603.2
1607,1620439007.0,597.9
1608,1620439008.0,587.4
1609,1620439009.0,587.4
1610,1620439010.0,598.8
1611,1620439011.0,604.1
1612,1620439012.0,590.8
1613,1620439013.0,569.9
1614,1620439014.0,558.0
1615,1620439015.0,558.7
1616,1620439016.0,573.0
1617,1620439017.0,592.1
1618,1620439018.0,604.2
1619,1620439019.0,604.7
1620,1620439020.0,596.8
1621,1620439021.0,587.4
1622,1620439022.0,580.6
1623,1620439023.0,573.4
1624,1620439024.0,564.5
1625,1620439025.0,562.7
1626,1620439026.0,572.4
1627,1620439027.0,581.5
1628,1620439028.0,582.3
1629,1620439029.0,581.1
1630,1620439030.0,587.8
1631,1620439031.0,600.4
1632,1620439032.0,606.8
1633,1620439033.0,599.3
1634,1620439034.0,584.2
1635,1620439035.0,569.6
1636,1620439036.0,557.4
1637,1620439037.0,553.1
1638,1620439038.0,561.8
1639,1620439039.0,580.4
1640,1620439040.0,596.4
1641,1620439041.0,597.6
1642,1620439042.0,586.4
1643,1620439043.0,577.4
1644,1620439044.0,579.8
1645,1620439045.0,586.9
1646,1620439046.0,587.0
1647,1620439047.0,578.7
1648,1620439048.0,570.3
1649,1620439049.0,571.1
1650,1620439050.0,582.3
1651,1620439051.0,592.4
1652,1620439052.0,592.5
1653,1620439053.0,589.9
1654,1620439054.0,588.6
1655,1620439055.0,585.2
1656,1620439056.0,579.4
1657,1620439057.0,576.1
1658,1620439058.0,579.3
1659,1620439059.0,583.2
1660,1620439060.0,581.6
1661,1620439061.0,575.8
1662,1620439062.0,571.9
1663,1620439063.0,576.2
1664,1620439064.0,586.3
1665,1620439065.0,589.3
1666,1620439066.0,582.1
1667,1620439067.0,574.5
1668,1620439068.0,572.9
1669,1620439069.0,574.5
1670,1620439070.0,576.3
1671,1620439071.0,578.5
1672,1620439072.0,580.2
1673,1620439073.0,579.8
1674,1620439074.0,578.7
1675,1620439075.0,584.1
1676,1620439076.0,596.6
1677,1620439077.0,597.4
1678,1620439078.0,582.3
1679,1620439079.0,570.4
1680,1620439080.0,572.6
1681,1620439081.0,583.0
1682,1620439082.0,592.5
1683,1620439083.0,593.3
1684,1620439084.0,589.4
1685,1620439085.0,588.3
1686,1620439086.0,588.4
1687,1620439087.0,584.4
1688,1620439088.0,578.7
1689,1620439089.0,576.1
1690,1620439090.0,579.0
1691,1620439091.0,585.2
1692,1620439092.0,589.3
1693,1620439093.0,589.4
1694,1620439094.0,585.5
1695,1620439095.0,580.8
1696,1620439096.0,579.9
1697,1620439097.0,581.4
1698,1620439098.0,582.4
1699,1620439099.0,580.0
1700,1620439100.0,572.4
1701,1620439101.0,567.5
1702,1620439102.0,572.4
1703,1620439103.0,582.2
1704,1620439104.0,586.4
1705,1620439105.0,582.5
1706,1620439106.0,575.8
1707,1620439107.0,573.9
1708,1620439108.0,578.6
1709,1620439109.0,583.9
1710,1620439110.0,581.6
1711,1620439111.0,575.1
1712,1620439112.0,572.4
1713,1620439113.0,573.4
1714,1620439114.0,579.8
1715,1620439115.0,593.2
1716,1620439116.0,603.8
1717,1620439117.0,599.4
1718,1620439118.0,584.8
1719,1620439119.0,576.7
1720,1620439120.0,580.9
1721,1620439121.0,589.3
1722,1620439122.0,593.3
1723,1620439123.0,590.8
1724,1620439124.0,584.9
1725,1620439125.0,579.1
1726,1620439126.0,575.4
1727,1620439127.0,580.4
1728,1620439128.0,593.5
1729,1620439129.0,603.8
1730,1620439130.0,600.6
1731,1620439131.0,589.1
1732,1620439132.0,581.7
1733,1620439133.0,582.2
1734,1620439134.0,582.8
1735,1620439135.0,579.5
1736,1620439136.0,579.5
1737,1620439137.0,586.9
1738,1620439138.0,592.3
1739,1620439139.0,588.0
1740,1620439140.0,573.5
1741,1620439141.0,563.0
1742,1620439142.0,568.0
1743,1620439143.0,582.3
1744,1620439144.0,594.8
1745,1620439145.0,598.5
1746,1620439146.0,591.3
1747,1620439147.0,575.1
1748,1620439148.0,558.7
1749,1620439149.0,555.8
1750,1620439150.0,569.8
1751,1620439151.0,588.9
1752,1620439152.0,598.7
1753,1620439153.0,593.1
1754,1620439154.0,580.8
1755,1620439155.0,575.0
1756,1620439156.0,579.4
1757,1620439157.0,589.7
1758,1620439158.0,595.1
1759,1620439159.0,588.2
1760,1620439160.0,573.1
1761,1620439161.0,562.3
1762,1620439162.0,566.8
1763,1620439163.0,586.7
1764,1620439164.0,602.3
1765,1620439165.0,596.2
1766,1620439166.0,577.9
1767,1620439167.0,569.5
1768,1620439168.0,577.5
1769,1620439169.0,589.0
1770,1620439170.0,593.6
1771,1620439171.0,591.3
1772,1620439172.0,584.3
1773,1620439173.0,574.3
1774,1620439174.0,568.8
1775,1620439175.0,575.3
1776,1620439176.0,590.9
1777,1620439177.0,601.8
1778,1620439178.0,596.3
1779,1620439179.0,582.4
1780,1620439180.0,577.1
1781,1620439181.0,578.4
1782,1620439182.0,578.4
1783,1620439183.0,576.8
1784,1620439184.0,578.7
1785,1620439185.0,586.1
1786,1620439186.0,592.3
1787,1620439187.0,590.2
1788,1620439188.0,580.8
1789,1620439189.0,570.3
1790,1620439190.0,564.6
1791,1620439191.0,568.8
1792,1620439192.0,582.4
1793,1620439193.0,591.5
1794,1620439194.0,586.8
1795,1620439195.0,575.1
1796,1620439196.0,565.0
1797,1620439197.0,559.0
1798,1620439198.0,562.2
1799,1620439199.0,577.2
1800,1620439200.0,594.7
1801,1620439201.0,603.0
1802,1620439202.0,599.1
1803,1620439203.0,586.8
1804,1620439204.0,573.2
1805,1620439205.0,565.8
1806,1620439206.0,570.7
1807,1620439207.0,586.6
1808,1620439208.0,603.0
1809,1620439209.0,605.4
1810,1620439210.0,588.6
1811,1620439211.0,568.5
1812,1620439212.0,565.4
1813,1620439213.0,580.6
1814,1620439214.0,596.7
1815,1620439215.0,597.4
1816,1620439216.0,583.3
1817,1620439217.0,570.1
1818,1620439218.0,569.6
1819,1620439219.0,579.6
1820,1620439220.0,590.3
1821,1620439221.0,594.7
1822,1620439222.0,591.9
1823,1620439223.0,578.7
1824,1620439224.0,560.7
1825,1620439225.0,556.5
1826,1620439226.0,571.3
1827,1620439227.0,589.2
1828,1620439228.0,595.2
1829,1620439229.0,591.3
1830,1620439230.0,590.4
1831,1620439231.0,594.8
1832,1620439232.0,595.3
1833,1620439233.0,585.5
1834,1620439234.0,573.1
1835,1620439235.0,567.4
1836,1620439236.0,570.1
1837,1620439237.0,576.6
1838,1620439238.0,580.1
1839,1620439239.0,579.8
1840,1620439240.0,581.1
1841,1620439241.0,588.1
1842,1620439242.0,596.8
1843,1620439243.0,596.5
1844,1620439244.0,586.4
1845,1620439245.0,578.4
1846,1620439246.0,578.8
1847,1620439247.0,581.9
1848,1620439248.0,585.8
1849,1620439249.0,587.9
1850,1620439250.0,581.2
1851,1620439251.0,571.4
1852,1620439252.0,573.7
1853,1620439253.0,590.6
1854,1620439254.0,607.8
1855,1620439255.0,609.5
1856,1620439256.0,595.8
1857,1620439257.0,581.2
1858,1620439258.0,574.6
1859,1620439259.0,573.7
1860,1620439260.0,574.0
1861,1620439261.0,576.4
1862,1620439262.0,583.5
1863,1620439263.0,591.9
1864,1620439264.0,595.3
1865,1620439265.0,593.4
1866,1620439266.0,588.3
1867,1620439267.0,580.8
1868,1620439268.0,573.4
1869,1620439269.0,568.2
1870,1620439270.0,566.7
1871,1620439271.0,570.3
1872,1620439272.0,578.1
1873,1620439273.0,585.4
1874,1620439274.0,592.5
1875,1620439275.0,595.9
1876,1620439276.0,590.6
1877,1620439277.0,582.9
1878,1620439278.0,581.4
1879,1620439279.0,588.1
1880,1620439280.0,593.5
1881,1620439281.0,586.3
1882,1620439282.0,574.3
1883,1620439283.0,572.2
1884,1620439284.0,582.5
1885,1620439285.0,597.0
1886,1620439286.0,602.8
1887,1620439287.0,595.3
1888,1620439288.0,582.7
1889,1620439289.0,575.4
1890,1620439290.0,578.1
1891,1620439291.0,584.8
1892,1620439292.0,586.0
1893,1620439293.0,581.4
1894,1620439294.0,575.5
1895,1620439295.0,571.4
1896,1620439296.0,573.7
1897,1620439297.0,581.6
1898,1620439298.0,587.0
1899,1620439299.0,587.9
1900,1620439300.0,587.6
1901,1620439301.0,585.0
1902,1620439302.0,579.9
1903,1620439303.0,575.7
1904,1620439304.0,573.3
1905,1620439305.0,574.7
1906,1620439306.0,580.6
1907,1620439307.0,585.9
1908,1620439308.0,585.5
1909,1620439309.0,582.0
1910,1620439310.0,578.2
1911,1620439311.0,572.4
1912,1620439312.0,571.4
1913,1620439313.0,577.3
1914,1620439314.0,584.3
1915,1620439315.0,587.8
1916,1620439316.0,583.4
1917,1620439317.0,574.6
1918,1620439318.0,572.6
1919,1620439319.0,578.4
1920,1620439320.0,581.4
1921,1620439321.0,578.3
1922,1620439322.0,576.3
1923,1620439323.0,581.2
1924,1620439324.0,589.8
1925,1620439325.0,590.7
1926,1620439326.0,584.2
1927,1620439327.0,579.3
1928,1620439328.0,577.9
1929,1620439329.0,580.1
1930,1620439330.0,588.8
1931,1620439331.0,597.8
1932,1620439332.0,600.2
1933,1620439333.0,598.4
1934,1620439334.0,594.4
1935,1620439335.0,588.7
1936,1620439336.0,582.4
1937,1620439337.0,579.1
1938,1620439338.0,579.7
1939,1620439339.0,583.4
1940,1620439340.0,589.5
1941,1620439341.0,595.4
1942,1620439342.0,597.1
1943,1620439343.0,593.1
1944,1620439344.0,587.8
1945,1620439345.0,584.5
1946,1620439346.0,582.4
1947,1620439347.0,581.7
1948,1620439348.0,581.1
1949,1620439349.0,580.9
1950,1620439350.0,584.9
1951,1620439351.0,590.9
1952,1620439352.0,591.8
1953,1620439353.0,585.3
1954,1620439354.0,577.5
1955,1620439355.0,574.7
1956,1620439356.0,579.7
1957,1620439357.0,587.8
1958,1620439358.0,589.2
1959,1620439359.0,579.6
1960,1620439360.0,569.2
1961,1620439361.0,572.6
1962,1620439362.0,585.8
1963,1620439363.0,592.6
1964,1620439364.0,586.8
1965,1620439365.0,576.1
1966,1620439366.0,572.9
1967,1620439367.0,576.7
1968,1620439368.0,578.0
1969,1620439369.0,579.1
1970,1620439370.0,583.8
1971,1620439371.0,585.8
1972,1620439372.0,583.8
1973,1620439373.0,583.4
1974,1620439374.0,586.8
1975,1620439375.0,593.0
1976,1620439376.0,597.3
1977,1620439377.0,591.3
1978,1620439378.0,576.2
1979,1620439379.0,567.7
1980,1620439380.0,577.2
1981,1620439381.0,595.4
1982,1620439382.0,599.5
1983,1620439383.0,586.1
1984,1620439384.0,573.5
1985,1620439385.0,572.7
1986,1620439386.0,579.9
1987,1620439387.0,586.4
1988,1620439388.0,587.4
1989,1620439389.0,585.8
1990,1620439390.0,586.7
1991,1620439391.0,587.6
1992,1620439392.0,587.2
1993,1620439393.0,590.5
1994,1620439394.0,596.5
1995,1620439395.0,599.4
1996,1620439396.0,591.4
1997,1620439397.0,570.6
1998,1620439398.0,553.9
1999,1620439399.0,556.4
2000,1620439400.0,572.6
2001,1620439401.0,587.8
2002,1620439402.0,592.0
2003,1620439403.0,593.3
2004,1620439404.0,595.1
2005,1620439405.0,588.5
2006,1620439406.0,575.4
2007,1620439407.0,565.2
2008,1620439408.0,560.6
2009,1620439409.0,562.1
2010,1620439410.0,572.8
2011,1620439411.0,588.0
2012,1620439412.0,594.7
2013,1620439413.0,592.5
2014,1620439414.0,589.8
2015,1620439415.0,589.6
2016,1620439416.0,590.5
2017,1620439417.0,590.4
2018,1620439418.0,587.0
2019,1620439419.0,578.7
2020,1620439420.0,568.1
2021,1620439421.0,558.6
2022,1620439422.0,556.7
2023,1620439423.0,568.8
2024,1620439424.0,590.8
2025,1620439425.0,605.5
2026,1620439426.0,603.3
2027,1620439427.0,592.1
2028,1620439428.0,584.2
2029,1620439429.0,581.8
2030,1620439430.0,581.7
2031,1620439431.0,581.2
2032,1620439432.0,574.4
2033,1620439433.0,562.8
2034,1620439434.0,558.4
2035,1620439435.0,569.8
2036,1620439436.0,593.5
2037,1620439437.0,612.2
2038,1620439438.0,608.9
2039,1620439439.0,592.0
2040,1620439440.0,579.7
2041,1620439441.0,572.5
2042,1620439442.0,566.9
2043,1620439443.0,568.9
2044,1620439444.0,577.5
2045,1620439445.0,580.6
2046,1620439446.0,578.7
2047,1620439447.0,584.3
2048,1620439448.0,594.2
2049,1620439449.0,598.5
2050,1620439450.0,597.0
2051,1620439451.0,595.3
2052,1620439452.0,590.7
2053,1620439453.0,580.8
2054,1620439454.0,571.8
2055,1620439455.0,570.9
2056,1620439456.0,576.4
2057,1620439457.0,581.9
2058,1620439458.0,584.1
2059,1620439459.0,583.6
2060,1620439460.0,583.2
2061,1620439461.0,586.7
2062,1620439462.0,591.2
2063,1620439463.0,588.5
2064,1620439464.0,581.3
2065,1620439465.0,577.3
2066,1620439466.0,579.7
2067,1620439467.0,581.2
2068,1620439468.0,576.9
2069,1620439469.0,574.1
2070,1620439470.0,578.4
2071,1620439471.0,585.6
2072,1620439472.0,588.9
2073,1620439473.0,588.3
2074,1620439474.0,586.5
2075,1620439475.0,584.7
2076,1620439476.0,584.3
2077,1620439477.0,582.4
2078,1620439478.0,576.0
2079,1620439479.0,573.4
2080,1620439480.0,580.7
2081,1620439481.0,588.0
2082,1620439482.0,589.5
2083,1620439483.0,589.9
2084,1620439484.0,590.3
2085,1620439485.0,585.0
2086,1620439486.0,574.8
2087,1620439487.0,572.3
2088,1620439488.0,583.9
2089,1620439489.0,598.1
2090,1620439490.0,600.7
2091,1620439491.0,591.6
2092,1620439492.0,579.1
2093,1620439493.0,573.7
2094,1620439494.0,579.6
2095,1620439495.0,589.3
2096,1620439496.0,593.1
2097,1620439497.0,587.4
2098,1620439498.0,578.9
2099,1620439499.0,581.3
2100,1620439500.0,591.1
2101,1620439501.0,596.6
2102,1620439502.0,597.3
2103,1620439503.0,594.1
2104,1620439504.0,587.9
2105,1620439505.0,581.3
2106,1620439506.0,573.4
2107,1620439507.0,570.5
2108,1620439508.0,577.6
2109,1620439509.0,588.3
2110,1620439510.0,594.6
2111,1620439511.0,591.7
2112,1620439512.0,582.4
2113,1620439513.0,574.4
2114,1620439514.0,573.5
2115,1620439515.0,581.7
2116,1620439516.0,592.7
2117,1620439517.0,591.8
2118,1620439518.0,578.8
2119,1620439519.0,567.4
2120,1620439520.0,566.7
2121,1620439521.0,578.1
2122,1620439522.0,592.8
2123,1620439523.0,599.1
2124,1620439524.0,591.1
2125,1620439525.0,574.9
2126,1620439526.0,559.6
2127,1620439527.0,554.2
2128,1620439528.0,561.7
2129,1620439529.0,575.7
2130,1620439530.0,592.2
2131,1620439531.0,606.5
2132,1620439532.0,606.3
2133,1620439533.0,589.4
2134,1620439534.0,573.6
2135,1620439535.0,574.5
2136,1620439536.0,586.1
2137,1620439537.0,590.9
2138,1620439538.0,584.1
2139,1620439539.0,575.1
2140,1620439540.0,571.2
2141,1620439541.0,576.2
2142,1620439542.0,586.0
2143,1620439543.0,590.2
2144,1620439544.0,584.9
2145,1620439545.0,579.6
2146,1620439546.0,582.5
2147,1620439547.0,589.2
2148,1620439548.0,595.9
2149,1620439549.0,599.7
2150,1620439550.0,594.2
2151,1620439551.0,577.4
2152,1620439552.0,560.9
2153,1620439553.0,558.0
2154,1620439554.0,564.7
2155,1620439555.0,575.4
2156,1620439556.0,589.9
2157,1620439557.0,602.5
2158,1620439558.0,602.9
2159,1620439559.0,589.9
2160,1620439560.0,576.4
2161,1620439561.0,571.3
2162,1620439562.0,571.4
2163,1620439563.0,576.7
2164,1620439564.0,586.3
2165,1620439565.0,590.7
2166,1620439566.0,580.8
2167,1620439567.0,567.8
2168,1620439568.0,571.4
2169,1620439569.0,593.1
2170,1620439570.0,611.4
2171,1620439571.0,611.1
2172,1620439572.0,595.5
2173,1620439573.0,576.8
2174,1620439574.0,561.6
2175,1620439575.0,553.3
2176,1620439576.0,555.2
2177,1620439577.0,567.7
2178,1620439578.0,585.7
2179,1620439579.0,598.4
2180,1620439580.0,600.2
2181,1620439581.0,599.9
2182,1620439582.0,602.7
2183,1620439583.0,600.0
2184,1620439584.0,586.9
2185,1620439585.0,570.5
2186,1620439586.0,561.2
2187,1620439587.0,559.8
2188,1620439588.0,564.7
2189,1620439589.0,577.9
2190,1620439590.0,594.1
2191,1620439591.0,604.3
2192,1620439592.0,602.3
2193,1620439593.0,592.6
2194,1620439594.0,588.3
2195,1620439595.0,590.0
2196,1620439596.0,588.4
2197,1620439597.0,583.9
2198,1620439598.0,580.6
2199,1620439599.0,577.0
2200,1620439600.0,576.1
2201,1620439601.0,578.0
2202,1620439602.0,577.7
2203,1620439603.0,578.2
2204,1620439604.0,584.5
2205,1620439605.0,592.7
2206,1620439606.0,596.8
2207,1620439607.0,596.0
2208,1620439608.0,594.8
2209,1620439609.0,593.3
2210,1620439610.0,587.6
2211,1620439611.0,579.3
2212,1620439612.0,571.2
2213,1620439613.0,564.9
2214,1620439614.0,565.0
2215,1620439615.0,576.5
2216,1620439616.0,594.7
2217,1620439617.0,607.3
2218,1620439618.0,604.3
2219,1620439619.0,590.2
2220,1620439620.0,579.7
2221,1620439621.0,574.4
2222,1620439622.0,569.9
2223,1620439623.0,568.5
2224,1620439624.0,570.4
2225,1620439625.0,572.6
2226,1620439626.0,572.7
2227,1620439627.0,577.2
2228,1620439628.0,587.9
2229,1620439629.0,593.4
2230,1620439630.0,589.1
2231,1620439631.0,583.4
2232,1620439632.0,583.0
2233,1620439633.0,583.4
2234,1620439634.0,576.1
2235,1620439635.0,562.4
2236,1620439636.0,555.1
2237,1620439637.0,560.9
2238,1620439638.0,574.4
2239,1620439639.0,589.8
2240,1620439640.0,601.4
2241,1620439641.0,603.8
2242,1620439642.0,597.2
2243,1620439643.0,583.8
2244,1620439644.0,570.0
2245,1620439645.0,565.3
2246,1620439646.0,571.0
2247,1620439647.0,580.2
2248,1620439648.0,586.2
2249,1620439649.0,586.7
2250,1620439650.0,586.0
2251,1620439651.0,588.4
2252,1620439652.0,594.6
2253,1620439653.0,602.5
2254,1620439654.0,605.7
2255,1620439655.0,599.6
2256,1620439656.0,584.7
2257,1620439657.0,566.7
2258,1620439658.0,553.3
2259,1620439659.0,555.0
2260,1620439660.0,573.2
2261,1620439661.0,598.9
2262,1620439662.0,610.9
2263,1620439663.0,602.0
2264,1620439664.0,585.9
2265,1620439665.0,574.5
2266,1620439666.0,569.7
2267,1620439667.0,572.5
2268,1620439668.0,584.9
2269,1620439669.0,600.6
2270,1620439670.0,604.2
2271,1620439671.0,590.0
2272,1620439672.0,571.8
2273,1620439673.0,563.4
2274,1620439674.0,568.1
2275,1620439675.0,584.2
2276,1620439676.0,603.6
2277,1620439677.0,611.1
2278,1620439678.0,600.8
2279,1620439679.0,583.2
2280,1620439680.0,572.9
2281,1620439681.0,573.8
2282,1620439682.0,578.2
2283,1620439683.0,580.8
2284,1620439684.0,585.8
2285,1620439685.0,592.0
2286,1620439686.0,591.1
2287,1620439687.0,582.5
2288,1620439688.0,577.9
2289,1620439689.0,583.5
2290,1620439690.0,593.7
2291,1620439691.0,597.0
2292,1620439692.0,586.5
2293,1620439693.0,572.4
2294,1620439694.0,566.7
2295,1620439695.0,572.2
2296,1620439696.0,582.8
2297,1620439697.0,589.4
2298,1620439698.0,593.5
2299,1620439699.0,595.2
2300,1620439700.0,591.0
2301,1620439701.0,582.0
2302,1620439702.0,575.5
2303,1620439703.0,577.5
2304,1620439704.0,579.1
2305,1620439705.0,574.2
2306,1620439706.0,569.2
2307,1620439707.0,570.2
2308,1620439708.0,576.7
2309,1620439709.0,584.0
2310,1620439710.0,587.7
2311,1620439711.0,587.5
2312,1620439712.0,585.2
2313,1620439713.0,581.8
2314,1620439714.0,577.5
2315,1620439715.0,574.7
2316,1620439716.0,576.4
2317,1620439717.0,581.1
2318,1620439718.0,584.9
2319,1620439719.0,589.2
2320,1620439720.0,594.9
2321,1620439721.0,597.2
2322,1620439722.0,590.3
2323,1620439723.0,575.9
2324,1620439724.0,567.5
2325,1620439725.0,574.1
2326,1620439726.0,589.9
2327,1620439727.0,598.3
2328,1620439728.0,591.0
2329,1620439729.0,578.6
2330,1620439730.0,576.1
2331,1620439731.0,582.2
2332,1620439732.0,589.7
2333,1620439733.0,598.7
2334,1620439734.0,604.3
2335,1620439735.0,602.0
2336,1620439736.0,597.1
2337,1620439737.0,592.9
2338,1620439738.0,588.0
2339,1620439739.0,581.5
2340,1620439740.0,574.2
2341,1620439741.0,569.6
2342,1620439742.0,571.3
2343,1620439743.0,578.0
2344,1620439744.0,587.1
2345,1620439745.0,596.6
2346,1620439746.0,601.9
2347,1620439747.0,599.4
2348,1620439748.0,588.2
2349,1620439749.0,573.6
2350,1620439750.0,563.7
2351,1620439751.0,561.2
2352,1620439752.0,561.5
2353,1620439753.0,564.3
2354,1620439754.0,574.5
2355,1620439755.0,589.1
2356,1620439756.0,600.3
2357,1620439757.0,602.4
2358,1620439758.0,596.1
2359,1620439759.0,585.0
2360,1620439760.0,575.3
2361,1620439761.0,576.2
2362,1620439762.0,587.7
2363,1620439763.0,595.6
2364,1620439764.0,589.5
2365,1620439765.0,576.1
2366,1620439766.0,567.9
2367,1620439767.0,569.3
2368,1620439768.0,574.4
2369,1620439769.0,581.9
2370,1620439770.0,591.0
2371,1620439771.0,596.8
2372,1620439772.0,597.1
2373,1620439773.0,591.7
2374,1620439774.0,579.9
2375,1620439775.0,566.5
2376,1620439776.0,565.2
2377,1620439777.0,580.4
2378,1620439778.0,592.3
2379,1620439779.0,587.1
2380,1620439780.0,574.9
2381,1620439781.0,573.6
2382,1620439782.0,581.5
2383,1620439783.0,589.8
2384,1620439784.0,596.8
2385,1620439785.0,601.8
2386,1620439786.0,601.5
2387,1620439787.0,594.5
2388,1620439788.0,583.6
2389,1620439789.0,573.8
2390,1620439790.0,570.4
2391,1620439791.0,574.9
2392,1620439792.0,582.3
2393,1620439793.0,587.4
2394,1620439794.0,591.2
2395,1620439795.0,594.2
2396,1620439796.0,591.9
2397,1620439797.0,586.4
2398,1620439798.0,585.2
2399,1620439799.0,587.2
2400,1620439800.0,584.1
2401,1620439801.0,575.5
2402,1620439802.0,568.0
2403,1620439803.0,568.7
2404,1620439804.0,579.2
2405,1620439805.0,593.5
2406,1620439806.0,600.7
2407,1620439807.0,594.5
2408,1620439808.0,583.9
2409,1620439809.0,581.8
2410,1620439810.0,587.4
2411,1620439811.0,591.5
2412,1620439812.0,589.7
2413,1620439813.0,582.3
2414,1620439814.0,570.8
2415,1620439815.0,562.7
2416,1620439816.0,566.5
2417,1620439817.0,580.1
2418,1620439818.0,592.8
2419,1620439819.0,601.2
2420,1620439820.0,603.7
2421,1620439821.0,594.3
2422,1620439822.0,577.5
2423,1620439823.0,566.3
2424,1620439824.0,566.1
2425,1620439825.0,574.6
2426,1620439826.0,587.6
2427,1620439827.0,597.0
2428,1620439828.0,593.8
2429,1620439829.0,586.2
2430,1620439830.0,587.6
2431,1620439831.0,591.7
2432,1620439832.0,592.7
2433,1620439833.0,591.9
2434,1620439834.0,589.4
2435,1620439835.0,586.2
2436,1620439836.0,579.8
2437,1620439837.0,571.6
2438,1620439838.0,571.1
2439,1620439839.0,583.9
2440,1620439840.0,600.5
2441,1620439841.0,604.0
2442,1620439842.0,590.0
2443,1620439843.0,570.8
2444,1620439844.0,565.9
2445,1620439845.0,582.6
2446,1620439846.0,602.9
2447,1620439847.0,604.3
2448,1620439848.0,585.1
2449,1620439849.0,567.7
2450,1620439850.0,569.9
2451,1620439851.0,583.7
2452,1620439852.0,594.1
2453,1620439853.0,594.4
2454,1620439854.0,584.7
2455,1620439855.0,573.9
2456,1620439856.0,570.9
2457,1620439857.0,575.8
2458,1620439858.0,586.3
2459,1620439859.0,596.7
2460,1620439860.0,600.6
2461,1620439861.0,597.7
2462,1620439862.0,589.9
2463,1620439863.0,576.8
2464,1620439864.0,565.8
2465,1620439865.0,566.2
2466,1620439866.0,574.6
2467,1620439867.0,582.4
2468,1620439868.0,586.9
2469,1620439869.0,591.8
2470,1620439870.0,596.9
2471,1620439871.0,594.3
2472,1620439872.0,585.1
2473,1620439873.0,578.0
2474,1620439874.0,579.3
2475,1620439875.0,586.7
2476,1620439876.0,593.6
2477,1620439877.0,594.2
2478,1620439878.0,586.9
2479,1620439879.0,576.7
2480,1620439880.0,573.8
2481,1620439881.0,583.3
2482,1620439882.0,593.2
2483,1620439883.0,591.1
2484,1620439884.0,583.5
2485,1620439885.0,583.3
2486,1620439886.0,588.6
2487,1620439887.0,591.2
2488,1620439888.0,587.1
2489,1620439889.0,578.3
2490,1620439890.0,572.8
2491,1620439891.0,574.2
2492,1620439892.0,576.3
2493,1620439893.0,576.7
2494,1620439894.0,580.8
2495,1620439895.0,593.0
2496,1620439896.0,608.1
2497,1620439897.0,613.0
2498,1620439898.0,602.6
2499,1620439899.0,584.7
2500,1620439900.0,569.0
2501,1620439901.0,562.5
2502,1620439902.0,568.5
2503,1620439903.0,583.6
2504,1620439904.0,595.9
2505,1620439905.0,598.2
2506,1620439906.0,596.2
2507,1620439907.0,594.7
2508,1620439908.0,592.1
2509,1620439909.0,583.9
2510,1620439910.0,575.1
2511,1620439911.0,575.3
2512,1620439912.0,581.1
2513,1620439913.0,586.3
2514,1620439914.0,593.1
2515,1620439915.0,598.1
2516,1620439916.0,594.0
2517,1620439917.0,582.3
2518,1620439918.0,570.5
2519,1620439919.0,568.1
2520,1620439920.0,578.0
2521,1620439921.0,595.6
2522,1620439922.0,606.2
2523,1620439923.0,599.7
2524,1620439924.0,581.9
2525,1620439925.0,563.2
2526,1620439926.0,557.7
2527,1620439927.0,572.6
2528,1620439928.0,590.4
2529,1620439929.0,591.8
2530,1620439930.0,578.6
2531,1620439931.0,572.1
2532,1620439932.0,580.7
2533,1620439933.0,592.3
2534,1620439934.0,594.4
2535,1620439935.0,589.8
2536,1620439936.0,585.5
2537,1620439937.0,583.5
2538,1620439938.0,582.2
2539,1620439939.0,582.1
2540,1620439940.0,581.3
2541,1620439941.0,580.2
2542,1620439942.0,587.2
2543,1620439943.0,603.7
2544,1620439944.0,614.3
2545,1620439945.0,604.1
2546,1620439946.0,578.5
2547,1620439947.0,559.3
2548,1620439948.0,561.5
2549,1620439949.0,578.4
2550,1620439950.0,597.0
2551,1620439951.0,604.6
2552,1620439952.0,597.3
2553,1620439953.0,585.8
2554,1620439954.0,583.1
2555,1620439955.0,588.5
2556,1620439956.0,590.4
2557,1620439957.0,588.2
2558,1620439958.0,588.1
2559,1620439959.0,586.1
2560,1620439960.0,579.2
2561,1620439961.0,573.5
2562,1620439962.0,576.3
2563,1620439963.0,587.6
2564,1620439964.0,599.0
2565,1620439965.0,601.2
2566,1620439966.0,592.9
2567,1620439967.0,585.1
2568,1620439968.0,584.5
2569,1620439969.0,584.9
2570,1620439970.0,580.6
2571,1620439971.0,574.4
2572,1620439972.0,577.8
2573,1620439973.0,592.9
2574,1620439974.0,604.1
2575,1620439975.0,602.6
2576,1620439976.0,595.0
2577,1620439977.0,584.7
2578,1620439978.0,573.1
2579,1620439979.0,567.6
2580,1620439980.0,572.4
2581,1620439981.0,581.9
2582,1620439982.0,588.2
2583,1620439983.0,590.9
2584,1620439984.0,593.5
2585,1620439985.0,590.5
2586,1620439986.0,579.8
2587,1620439987.0,576.3
2588,1620439988.0,588.4
2589,1620439989.0,598.2
2590,1620439990.0,592.8
2591,1620439991.0,580.2
2592,1620439992.0,574.2
2593,1620439993.0,577.7
2594,1620439994.0,581.2
2595,1620439995.0,581.6
2596,1620439996.0,580.4
2597,1620439997.0,578.1
2598,1620439998.0,578.4
2599,1620439999.0,581.6
2600,1620440000.0,586.9
2601,1620440001.0,593.1
2602,1620440002.0,597.2
2603,1620440003.0,598.1
2604,1620440004.0,596.3
2605,1620440005.0,588.4
2606,1620440006.0,575.3
2607,1620440007.0,567.3
2608,1620440008.0,573.7
2609,1620440009.0,586.8
2610,1620440010.0,592.7
2611,1620440011.0,591.7
2612,1620440012.0,589.5
2613,1620440013.0,591.5
2614,1620440014.0,598.9
2615,1620440015.0,603.2
2616,1620440016.0,595.6
2617,1620440017.0,578.5
2618,1620440018.0,567.8
2619,1620440019.0,571.3
2620,1620440020.0,582.1
2621,1620440021.0,588.0
2622,1620440022.0,585.6
2623,1620440023.0,585.9
2624,1620440024.0,594.1
2625,1620440025.0,602.1
2626,1620440026.0,602.7
2627,1620440027.0,591.8
2628,1620440028.0,572.0
2629,1620440029.0,557.7
2630,1620440030.0,562.0
2631,1620440031.0,579.5
2632,1620440032.0,593.9
2633,1620440033.0,595.5
2634,1620440034.0,587.0
2635,1620440035.0,579.9
2636,1620440036.0,583.3
2637,1620440037.0,592.4
2638,1620440038.0,595.9
2639,1620440039.0,589.2
2640,1620440040.0,578.8
2641,1620440041.0,572.8
2642,1620440042.0,570.9
2643,1620440043.0,570.0
2644,1620440044.0,571.3
2645,1620440045.0,577.7
2646,1620440046.0,589.6
2647,1620440047.0,601.3
2648,1620440048.0,602.5
2649,1620440049.0,592.3
2650,1620440050.0,579.5
2651,1620440051.0,569.7
2652,1620440052.0,568.8
2653,1620440053.0,580.0
2654,1620440054.0,594.7
2655,1620440055.0,602.1
2656,1620440056.0,596.0
2657,1620440057.0,576.9
2658,1620440058.0,558.5
2659,1620440059.0,558.3
2660,1620440060.0,579.8
2661,1620440061.0,609.3
2662,1620440062.0,623.0
2663,1620440063.0,610.1
2664,1620440064.0,581.8
2665,1620440065.0,558.1
2666,1620440066.0,553.6
2667,1620440067.0,568.1
2668,1620440068.0,589.2
2669,1620440069.0,603.9
2670,1620440070.0,601.2
2671,1620440071.0,585.6
2672,1620440072.0,574.6
2673,1620440073.0,580.8
2674,1620440074.0,600.4
2675,1620440075.0,611.8
2676,1620440076.0,603.3
2677,1620440077.0,586.1
2678,1620440078.0,574.2
2679,1620440079.0,574.7
2680,1620440080.0,583.1
2681,1620440081.0,589.0
2682,1620440082.0,589.6
2683,1620440083.0,587.6
2684,1620440084.0,585.1
2685,1620440085.0,584.4
2686,1620440086.0,588.4
2687,1620440087.0,594.0
2688,1620440088.0,591.0
2689,1620440089.0,579.2
2690,1620440090.0,567.8
2691,1620440091.0,564.3
2692,1620440092.0,573.7
2693,1620440093.0,587.2
2694,1620440094.0,589.8
2695,1620440095.0,580.1
2696,1620440096.0,573.8
2697,1620440097.0,580.7
2698,1620440098.0,592.1
2699,1620440099.0,596.3
2700,1620440100.0,590.5
2701,1620440101.0,583.6
2702,1620440102.0,584.4
2703,1620440103.0,588.7
2704,1620440104.0,588.3
2705,1620440105.0,583.6
2706,1620440106.0,577.2
2707,1620440107.0,576.2
2708,1620440108.0,585.9
2709,1620440109.0,594.6
2710,1620440110.0,594.3
2711,1620440111.0,593.9
2712,1620440112.0,599.3
2713,1620440113.0,602.8
2714,1620440114.0,597.2
2715,1620440115.0,585.4
2716,1620440116.0,575.0
2717,1620440117.0,568.7
2718,1620440118.0,565.4
2719,1620440119.0,571.4
2720,1620440120.0,589.4
2721,1620440121.0,604.8
2722,1620440122.0,605.1
2723,1620440123.0,594.4
2724,1620440124.0,582.1
2725,1620440125.0,575.2
2726,1620440126.0,573.6
2727,1620440127.0,573.7
2728,1620440128.0,577.7
2729,1620440129.0,585.8
2730,1620440130.0,591.5
2731,1620440131.0,592.3
2732,1620440132.0,591.9
2733,1620440133.0,593.0
2734,1620440134.0,596.0
2735,1620440135.0,596.4
2736,1620440136.0,592.2
2737,1620440137.0,585.2
2738,1620440138.0,577.8
2739,1620440139.0,572.7
2740,1620440140.0,572.1
2741,1620440141.0,577.7
2742,1620440142.0,588.8
2743,1620440143.0,600.8
2744,1620440144.0,607.2
2745,1620440145.0,608.0
2746,1620440146.0,603.4
2747,1620440147.0,592.3
2748,1620440148.0,576.1
2749,1620440149.0,562.3
2750,1620440150.0,561.5
2751,1620440151.0,576.4
2752,1620440152.0,595.0
2753,1620440153.0,599.5
2754,1620440154.0,587.3
2755,1620440155.0,573.2
2756,1620440156.0,573.9
2757,1620440157.0,590.0
2758,1620440158.0,604.3
2759,1620440159.0,601.6
2760,1620440160.0,584.4
2761,1620440161.0,570.0
2762,1620440162.0,568.7
2763,1620440163.0,577.4
2764,1620440164.0,588.2
2765,1620440165.0,592.9
2766,1620440166.0,591.4
2767,1620440167.0,588.5
2768,1620440168.0,584.1
2769,1620440169.0,578.5
2770,1620440170.0,579.1
2771,1620440171.0,591.9
2772,1620440172.0,607.3
2773,1620440173.0,607.2
2774,1620440174.0,591.9
2775,1620440175.0,577.7
2776,1620440176.0,574.4
2777,1620440177.0,578.9
2778,1620440178.0,588.0
2779,1620440179.0,599.7
2780,1620440180.0,607.6
2781,1620440181.0,604.7
2782,1620440182.0,588.7
2783,1620440183.0,569.0
2784,1620440184.0,560.6
2785,1620440185.0,567.0
2786,1620440186.0,580.1
2787,1620440187.0,588.4
2788,1620440188.0,592.5
2789,1620440189.0,599.3
2790,1620440190.0,603.7
2791,1620440191.0,599.8
2792,1620440192.0,588.0
2793,1620440193.0,575.6
2794,1620440194.0,570.1
2795,1620440195.0,569.9
2796,1620440196.0,574.8
2797,1620440197.0,583.7
2798,1620440198.0,589.1
2799,1620440199.0,589.3
2800,1620440200.0,586.9
2801,1620440201.0,583.8
2802,1620440202.0,583.5
2803,1620440203.0,587.4
2804,1620440204.0,588.8
2805,1620440205.0,584.5
2806,1620440206.0,579.9
2807,1620440207.0,580.2
2808,1620440208.0,588.6
2809,1620440209.0,594.5
2810,1620440210.0,587.0
2811,1620440211.0,570.5
2812,1620440212.0,561.5
2813,1620440213.0,572.7
2814,1620440214.0,597.8
2815,1620440215.0,615.7
2816,1620440216.0,613.0
2817,1620440217.0,595.5
2818,1620440218.0,577.6
2819,1620440219.0,570.1
2820,1620440220.0,573.1
2821,1620440221.0,578.9
2822,1620440222.0,584.3
2823,1620440223.0,586.7
2824,1620440224.0,587.3
2825,1620440225.0,590.4
2826,1620440226.0,597.4
2827,1620440227.0,604.3
2828,1620440228.0,604.2
2829,1620440229.0,596.8
2830,1620440230.0,585.0
2831,1620440231.0,572.7
2832,1620440232.0,567.7
2833,1620440233.0,572.8
2834,1620440234.0,581.8
2835,1620440235.0,590.5
2836,1620440236.0,596.9
2837,1620440237.0,600.3
2838,1620440238.0,599.0
2839,1620440239.0,589.9
2840,1620440240.0,579.1
2841,1620440241.0,576.2
2842,1620440242.0,582.5
2843,1620440243.0,587.0
2844,1620440244.0,583.0
2845,1620440245.0,581.3
2846,1620440246.0,590.2
2847,1620440247.0,600.7
2848,1620440248.0,602.5
2849,1620440249.0,595.6
2850,1620440250.0,587.7
2851,1620440251.0,584.5
2852,1620440252.0,583.3
2853,1620440253.0,581.8
2854,1620440254.0,580.1
2855,1620440255.0,578.5
2856,1620440256.0,580.3
2857,1620440257.0,589.4
2858,1620440258.0,600.0
2859,1620440259.0,598.8
2860,1620440260.0,586.6
2861,1620440261.0,574.8
2862,1620440262.0,570.4
2863,1620440263.0,577.5
2864,1620440264.0,590.6
2865,1620440265.0,597.2
2866,1620440266.0,592.8
2867,1620440267.0,584.8
2868,1620440268.0,582.8
2869,1620440269.0,588.0
2870,1620440270.0,594.8
2871,1620440271.0,592.9
2872,1620440272.0,579.3
2873,1620440273.0,569.2
2874,1620440274.0,578.0
2875,1620440275.0,599.4
2876,1620440276.0,612.8
2877,1620440277.0,603.6
2878,1620440278.0,581.0
2879,1620440279.0,563.8
2880,1620440280.0,561.9
2881,1620440281.0,573.8
2882,1620440282.0,589.4
2883,1620440283.0,598.9
2884,1620440284.0,598.3
2885,1620440285.0,591.9
2886,1620440286.0,585.7
2887,1620440287.0,584.9
2888,1620440288.0,590.9
2889,1620440289.0,596.2
2890,1620440290.0,593.6
2891,1620440291.0,582.4
2892,1620440292.0,569.2
2893,1620440293.0,566.4
2894,1620440294.0,578.7
2895,1620440295.0,597.0
2896,1620440296.0,607.6
2897,1620440297.0,603.3
2898,1620440298.0,590.1
2899,1620440299.0,581.2
2900,1620440300.0,576.3
2901,1620440301.0,572.6
2902,1620440302.0,573.3
2903,1620440303.0,578.0
2904,1620440304.0,582.8
2905,1620440305.0,586.2
2906,1620440306.0,591.1
2907,1620440307.0,599.5
2908,1620440308.0,604.4
2909,1620440309.0,600.3
2910,1620440310.0,590.6
2911,1620440311.0,583.7
2912,1620440312.0,583.4
2913,1620440313.0,586.2
2914,1620440314.0,586.6
2915,1620440315.0,585.5
2916,1620440316.0,586.7
2917,1620440317.0,586.7
2918,1620440318.0,576.4
2919,1620440319.0,565.1
2920,1620440320.0,573.4
2921,1620440321.0,595.8
2922,1620440322.0,606.6
2923,1620440323.0,595.2
2924,1620440324.0,576.9
2925,1620440325.0,567.0
2926,1620440326.0,572.1
2927,1620440327.0,587.6
2928,1620440328.0,596.3
2929,1620440329.0,593.1
2930,1620440330.0,589.1
2931,1620440331.0,587.0
2932,1620440332.0,582.3
2933,1620440333.0,578.6
2934,1620440334.0,579.2
2935,1620440335.0,585.9
2936,1620440336.0,597.2
2937,1620440337.0,604.1
2938,1620440338.0,599.2
2939,1620440339.0,588.5
2940,1620440340.0,583.5
2941,1620440341.0,587.0
2942,1620440342.0,594.3
2943,1620440343.0,596.3
2944,1620440344.0,588.0
2945,1620440345.0,576.6
2946,1620440346.0,575.5
2947,1620440347.0,584.9
2948,1620440348.0,592.1
2949,1620440349.0,593.4
2950,1620440350.0,596.6
2951,1620440351.0,598.9
2952,1620440352.0,592.8
2953,1620440353.0,578.2
2954,1620440354.0,564.1
2955,1620440355.0,560.0
2956,1620440356.0,568.8
2957,1620440357.0,583.7
2958,1620440358.0,594.4
2959,1620440359.0,597.8
2960,1620440360.0,595.9
2961,1620440361.0,590.0
2962,1620440362.0,583.2
2963,1620440363.0,581.9
2964,1620440364.0,586.4
2965,1620440365.0,588.8
2966,1620440366.0,583.6
2967,1620440367.0,576.3
2968,1620440368.0,575.3
2969,1620440369.0,581.3
2970,1620440370.0,589.9
2971,1620440371.0,596.7
2972,1620440372.0,597.2
2973,1620440373.0,593.3
2974,1620440374.0,590.1
2975,1620440375.0,587.9
2976,1620440376.0,585.4
2977,1620440377.0,584.2
2978,1620440378.0,588.1
2979,1620440379.0,593.6
2980,1620440380.0,596.1
2981,1620440381.0,596.9
2982,1620440382.0,597.0
2983,1620440383.0,594.5
2984,1620440384.0,588.9
2985,1620440385.0,582.3
2986,1620440386.0,580.6
2987,1620440387.0,585.4
2988,1620440388.0,590.5
2989,1620440389.0,593.5
2990,1620440390.0,600.1
2991,1620440391.0,605.3
2992,1620440392.0,597.5
2993,1620440393.0,579.8
2994,1620440394.0,567.8
2995,1620440395.0,570.5
2996,1620440396.0,585.3
2997,1620440397.0,600.5
2998,1620440398.0,605.2
2999,1620440399.0,599.5
3000,1620440400.0,588.7
3001,1620440401.0,578.5
3002,1620440402.0,574.8
3003,1620440403.0,575.5
3004,1620440404.0,578.0
3005,1620440405.0,581.9
3006,1620440406.0,585.1
3007,1620440407.0,587.1
3008,1620440408.0,586.6
3009,1620440409.0,587.3
3010,1620440410.0,591.6
3011,1620440411.0,594.1
3012,1620440412.0,591.6
3013,1620440413.0,587.9
3014,1620440414.0,585.9
3015,1620440415.0,584.1
3016,1620440416.0,580.5
3017,1620440417.0,577.6
3018,1620440418.0,576.7
3019,1620440419.0,577.7
3020,1620440420.0,583.7
3021,1620440421.0,591.4
3022,1620440422.0,591.8
3023,1620440423.0,587.1
3024,1620440424.0,589.5
3025,1620440425.0,602.3
3026,1620440426.0,613.2
3027,1620440427.0,607.5
3028,1620440428.0,585.4
3029,1620440429.0,563.4
3030,1620440430.0,558.9
3031,1620440431.0,575.5
3032,1620440432.0,598.2
3033,1620440433.0,607.6
3034,1620440434.0,596.1
3035,1620440435.0,575.2
3036,1620440436.0,566.9
3037,1620440437.0,579.6
3038,1620440438.0,603.8
3039,1620440439.0,614.7
3040,1620440440.0,600.0
3041,1620440441.0,575.9
3042,1620440442.0,562.2
3043,1620440443.0,563.1
3044,1620440444.0,572.2
3045,1620440445.0,581.1
3046,1620440446.0,590.5
3047,1620440447.0,602.2
3048,1620440448.0,608.6
3049,1620440449.0,600.7
3050,1620440450.0,582.3
3051,1620440451.0,568.2
3052,1620440452.0,569.6
3053,1620440453.0,585.0
3054,1620440454.0,598.5
3055,1620440455.0,598.6
3056,1620440456.0,589.9
3057,1620440457.0,585.0
3058,1620440458.0,587.4
3059,1620440459.0,593.8
3060,1620440460.0,603.8
3061,1620440461.0,608.2
3062,1620440462.0,597.7
3063,1620440463.0,580.0
3064,1620440464.0,569.7
3065,1620440465.0,572.3
3066,1620440466.0,582.7
3067,1620440467.0,594.5
3068,1620440468.0,601.9
3069,1620440469.0,602.3
3070,1620440470.0,598.2
3071,1620440471.0,593.3
3072,1620440472.0,592.4
3073,1620440473.0,596.3
3074,1620440474.0,597.1
3075,1620440475.0,587.8
3076,1620440476.0,575.3
3077,1620440477.0,572.6
3078,1620440478.0,578.9
3079,1620440479.0,586.6
3080,1620440480.0,593.5
3081,1620440481.0,597.3
3082,1620440482.0,595.9
3083,1620440483.0,593.6
3084,1620440484.0,592.9
3085,1620440485.0,591.0
3086,1620440486.0,584.4
3087,1620440487.0,577.1
3088,1620440488.0,576.3
3089,1620440489.0,578.5
3090,1620440490.0,578.5
3091,1620440491.0,582.6
3092,1620440492.0,593.9
3093,1620440493.0,601.7
3094,1620440494.0,595.7
3095,1620440495.0,579.8
3096,1620440496.0,572.6
3097,1620440497.0,582.8
3098,1620440498.0,593.6
3099,1620440499.0,592.4
3100,1620440500.0,582.9
3101,1620440501.0,576.8
3102,1620440502.0,578.6
3103,1620440503.0,582.8
3104,1620440504.0,588.8
3105,1620440505.0,596.1
3106,1620440506.0,599.5
3107,1620440507.0,597.1
3108,1620440508.0,591.2
3109,1620440509.0,587.3
3110,1620440510.0,585.2
3111,1620440511.0,582.6
3112,1620440512.0,584.0
3113,1620440513.0,592.7
3114,1620440514.0,603.0
3115,1620440515.0,606.3
3116,1620440516.0,598.8
3117,1620440517.0,580.5
3118,1620440518.0,561.0
3119,1620440519.0,562.1
3120,1620440520.0,585.6
3121,1620440521.0,609.4
3122,1620440522.0,615.4
3123,1620440523.0,607.2
3124,1620440524.0,594.7
3125,1620440525.0,581.9
3126,1620440526.0,572.6
3127,1620440527.0,572.8
3128,1620440528.0,583.1
3129,1620440529.0,595.2
3130,1620440530.0,598.3
3131,1620440531.0,589.4
3132,1620440532.0,579.4
3133,1620440533.0,579.0
3134,1620440534.0,580.8
3135,1620440535.0,578.8
3136,1620440536.0,578.0
3137,1620440537.0,582.0
3138,1620440538.0,585.8
3139,1620440539.0,588.6
3140,1620440540.0,590.4
3141,1620440541.0,587.0
3142,1620440542.0,580.9
3143,1620440543.0,581.9
3144,1620440544.0,586.8
3145,1620440545.0,582.9
3146,1620440546.0,573.3
3147,1620440547.0,575.4
3148,1620440548.0,592.0
3149,1620440549.0,606.1
3150,1620440550.0,606.0
3151,1620440551.0,597.2
3152,1620440552.0,591.6
3153,1620440553.0,595.9
3154,1620440554.0,605.3
3155,1620440555.0,605.6
3156,1620440556.0,594.4
3157,1620440557.0,579.4
3158,1620440558.0,567.8
3159,1620440559.0,567.9
3160,1620440560.0,583.0
3161,1620440561.0,601.9
3162,1620440562.0,611.7
3163,1620440563.0,607.1
3164,1620440564.0,594.1
3165,1620440565.0,585.5
3166,1620440566.0,583.9
3167,1620440567.0,586.2
3168,1620440568.0,586.8
3169,1620440569.0,579.2
3170,1620440570.0,567.4
3171,1620440571.0,566.5
3172,1620440572.0,581.6
3173,1620440573.0,594.0
3174,1620440574.0,592.5
3175,1620440575.0,585.1
3176,1620440576.0,580.8
3177,1620440577.0,582.7
3178,1620440578.0,589.4
3179,1620440579.0,593.6
3180,1620440580.0,591.4
3181,1620440581.0,587.4
3182,1620440582.0,581.9
3183,1620440583.0,577.3
3184,1620440584.0,578.2
3185,1620440585.0,583.8
3186,1620440586.0,591.9
3187,1620440587.0,599.6
3188,1620440588.0,602.3
3189,1620440589.0,598.9
3190,1620440590.0,589.9
3191,1620440591.0,583.3
3192,1620440592.0,584.3
3193,1620440593.0,588.0
3194,1620440594.0,595.3
3195,1620440595.0,606.0
3196,1620440596.0,605.4
3197,1620440597.0,585.4
3198,1620440598.0,563.4
3199,1620440599.0,558.7
3200,1620440600.0,572.7
3201,1620440601.0,591.4
3202,1620440602.0,600.5
3203,1620440603.0,597.9
3204,1620440604.0,591.6
3205,1620440605.0,583.3
3206,1620440606.0,572.8
3207,1620440607.0,568.3
3208,1620440608.0,577.6
3209,1620440609.0,594.4
3210,1620440610.0,604.9
3211,1620440611.0,601.8
3212,1620440612.0,588.8
3213,1620440613.0,578.3
3214,1620440614.0,583.9
3215,1620440615.0,601.5
3216,1620440616.0,608.8
3217,1620440617.0,596.3
3218,1620440618.0,577.9
3219,1620440619.0,569.7
3220,1620440620.0,576.1
3221,1620440621.0,595.5
3222,1620440622.0,612.0
3223,1620440623.0,608.8
3224,1620440624.0,592.4
3225,1620440625.0,578.1
3226,1620440626.0,570.8
3227,1620440627.0,568.6
3228,1620440628.0,570.7
3229,1620440629.0,581.0
3230,1620440630.0,595.8
3231,1620440631.0,602.7
3232,1620440632.0,600.1
3233,1620440633.0,595.4
3234,1620440634.0,591.3
3235,1620440635.0,586.8
3236,1620440636.0,583.8
3237,1620440637.0,585.9
3238,1620440638.0,586.4
3239,1620440639.0,581.1
3240,1620440640.0,576.2
3241,1620440641.0,579.8
3242,1620440642.0,590.6
3243,1620440643.0,597.0
3244,1620440644.0,591.2
3245,1620440645.0,578.9
3246,1620440646.0,576.1
3247,1620440647.0,588.6
3248,1620440648.0,603.0
3249,1620440649.0,600.1
3250,1620440650.0,580.6
3251,1620440651.0,565.3
3252,1620440652.0,570.6
3253,1620440653.0,589.3
3254,1620440654.0,602.2
3255,1620440655.0,601.1
3256,1620440656.0,590.6
3257,1620440657.0,583.9
3258,1620440658.0,588.6
3259,1620440659.0,596.7
3260,1620440660.0,597.4
3261,1620440661.0,588.4
3262,1620440662.0,579.2
3263,1620440663.0,581.4
3264,1620440664.0,591.5
3265,1620440665.0,598.5
3266,1620440666.0,595.9
3267,1620440667.0,585.1
3268,1620440668.0,572.3
3269,1620440669.0,569.7
3270,1620440670.0,584.4
3271,1620440671.0,602.8
3272,1620440672.0,605.2
3273,1620440673.0,593.5
3274,1620440674.0,584.8
3275,1620440675.0,587.7
3276,1620440676.0,595.4
3277,1620440677.0,593.2
3278,1620440678.0,580.4
3279,1620440679.0,573.2
3280,1620440680.0,580.2
3281,1620440681.0,592.8
3282,1620440682.0,597.8
3283,1620440683.0,590.9
3284,1620440684.0,583.9
3285,1620440685.0,589.0
3286,1620440686.0,601.1
3287,1620440687.0,606.2
3288,1620440688.0,597.0
3289,1620440689.0,582.7
3290,1620440690.0,575.6
3291,1620440691.0,575.1
3292,1620440692.0,576.5
3293,1620440693.0,581.8
3294,1620440694.0,590.6
3295,1620440695.0,593.9
3296,1620440696.0,589.7
3297,1620440697.0,586.7
3298,1620440698.0,589.6
3299,1620440699.0,588.1
3300,1620440700.0,579.4
3301,1620440701.0,574.3
3302,1620440702.0,577.9
3303,1620440703.0,585.3
3304,1620440704.0,590.3
3305,1620440705.0,590.0
3306,1620440706.0,585.9
3307,1620440707.0,584.5
3308,1620440708.0,591.6
3309,1620440709.0,599.2
3310,1620440710.0,599.1
3311,1620440711.0,594.7
3312,1620440712.0,591.4
3313,1620440713.0,588.9
3314,1620440714.0,588.7
3315,1620440715.0,590.4
3316,1620440716.0,591.6
3317,1620440717.0,589.1
3318,1620440718.0,582.4
3319,1620440719.0,580.1
3320,1620440720.0,585.5
3321,1620440721.0,593.9
3322,1620440722.0,597.8
3323,1620440723.0,593.4
3324,1620440724.0,586.5
3325,1620440725.0,583.6
3326,1620440726.0,583.6
3327,1620440727.0,584.1
3328,1620440728.0,584.5
3329,1620440729.0,584.8
3330,1620440730.0,585.4
3331,1620440731.0,588.1
3332,1620440732.0,592.9
3333,1620440733.0,596.6
3334,1620440734.0,594.7
3335,1620440735.0,584.9
3336,1620440736.0,574.8
3337,1620440737.0,576.0
3338,1620440738.0,589.8
3339,1620440739.0,602.9
3340,1620440740.0,605.0
3341,1620440741.0,596.1
3342,1620440742.0,582.9
3343,1620440743.0,574.7
3344,1620440744.0,577.9
3345,1620440745.0,589.5
3346,1620440746.0,599.6
3347,1620440747.0,602.6
3348,1620440748.0,598.9
3349,1620440749.0,589.6
3350,1620440750.0,585.4
3351,1620440751.0,596.2
3352,1620440752.0,607.9
3353,1620440753.0,602.4
3354,1620440754.0,581.8
3355,1620440755.0,563.4
3356,1620440756.0,563.7
3357,1620440757.0,583.6
3358,1620440758.0,603.4
3359,1620440759.0,605.8
3360,1620440760.0,592.1
3361,1620440761.0,579.5
3362,1620440762.0,577.0
3363,1620440763.0,582.3
3364,1620440764.0,587.7
3365,1620440765.0,587.2
3366,1620440766.0,580.8
3367,1620440767.0,575.0
3368,1620440768.0,576.9
3369,1620440769.0,586.7
3370,1620440770.0,598.0
3371,1620440771.0,604.8
3372,1620440772.0,604.7
3373,1620440773.0,599.6
3374,1620440774.0,594.6
3375,1620440775.0,592.2
3376,1620440776.0,591.5
3377,1620440777.0,587.0
3378,1620440778.0,580.2
3379,1620440779.0,577.7
3380,1620440780.0,579.6
3381,1620440781.0,581.7
3382,1620440782.0,588.9
3383,1620440783.0,604.0
3384,1620440784.0,612.4
3385,1620440785.0,602.1
3386,1620440786.0,581.9
3387,1620440787.0,569.2
3388,1620440788.0,571.6
3389,1620440789.0,583.5
3390,1620440790.0,591.1
3391,1620440791.0,584.3
3392,1620440792.0,570.5
3393,1620440793.0,566.6
3394,1620440794.0,577.3
3395,1620440795.0,596.5
3396,1620440796.0,610.3
3397,1620440797.0,613.7
3398,1620440798.0,602.7
3399,1620440799.0,579.2
3400,1620440800.0,560.8
3401,1620440801.0,564.2
3402,1620440802.0,583.0
3403,1620440803.0,596.7
3404,1620440804.0,592.6
3405,1620440805.0,577.7
3406,1620440806.0,570.4
3407,1620440807.0,585.4
3408,1620440808.0,613.3
3409,1620440809.0,622.1
3410,1620440810.0,602.1
3411,1620440811.0,578.8
3412,1620440812.0,570.0
3413,1620440813.0,573.6
3414,1620440814.0,583.1
3415,1620440815.0,594.3
3416,1620440816.0,601.7
3417,1620440817.0,601.5
3418,1620440818.0,596.9
3419,1620440819.0,594.6
3420,1620440820.0,596.2
3421,1620440821.0,599.3
3422,1620440822.0,597.2
3423,1620440823.0,586.2
3424,1620440824.0,574.7
3425,1620440825.0,571.2
3426,1620440826.0,572.1
3427,1620440827.0,573.5
3428,1620440828.0,577.6
3429,1620440829.0,590.7
3430,1620440830.0,609.2
3431,1620440831.0,615.7
3432,1620440832.0,599.4
3433,1620440833.0,575.1
3434,1620440834.0,562.7
3435,1620440835.0,564.8
3436,1620440836.0,575.9
3437,1620440837.0,587.6
3438,1620440838.0,590.4
3439,1620440839.0,584.9
3440,1620440840.0,583.5
3441,1620440841.0,593.5
3442,1620440842.0,604.6
3443,1620440843.0,605.2
3444,1620440844.0,595.9
3445,1620440845.0,586.7
3446,1620440846.0,585.4
3447,1620440847.0,585.7
3448,1620440848.0,581.1
3449,1620440849.0,577.3
3450,1620440850.0,581.3
3451,1620440851.0,589.2
3452,1620440852.0,593.3
3453,1620440853.0,591.8
3454,1620440854.0,590.9
3455,1620440855.0,594.7
3456,1620440856.0,597.4
3457,1620440857.0,594.9
3458,1620440858.0,587.4
3459,1620440859.0,579.4
3460,1620440860.0,577.7
3461,1620440861.0,582.9
3462,1620440862.0,590.5
3463,1620440863.0,593.1
3464,1620440864.0,590.4
3465,1620440865.0,589.9
3466,1620440866.0,595.3
3467,1620440867.0,600.7
3468,1620440868.0,601.0
3469,1620440869.0,596.2
3470,1620440870.0,588.3
3471,1620440871.0,582.8
3472,1620440872.0,586.7
3473,1620440873.0,597.5
3474,1620440874.0,603.1
3475,1620440875.0,599.5
3476,1620440876.0,591.1
3477,1620440877.0,582.9
3478,1620440878.0,578.9
3479,1620440879.0,581.0
3480,1620440880.0,584.5
3481,1620440881.0,585.3
3482,1620440882.0,585.8
3483,1620440883.0,590.0
3484,1620440884.0,598.9
3485,1620440885.0,604.6
3486,1620440886.0,597.9
3487,1620440887.0,582.4
3488,1620440888.0,569.4
3489,1620440889.0,566.5
3490,1620440890.0,571.7
3491,1620440891.0,583.3
3492,1620440892.0,598.7
3493,1620440893.0,605.7
3494,1620440894.0,596.8
3495,1620440895.0,585.1
3496,1620440896.0,582.9
3497,1620440897.0,589.2
3498,1620440898.0,593.4
3499,1620440899.0,589.6
3500,1620440900.0,585.3
3501,1620440901.0,586.8
3502,1620440902.0,592.3
3503,1620440903.0,600.1
3504,1620440904.0,607.2
3505,1620440905.0,605.7
3506,1620440906.0,592.9
3507,1620440907.0,577.6
3508,1620440908.0,569.8
3509,1620440909.0,572.8
3510,1620440910.0,585.2
3511,1620440911.0,598.3
3512,1620440912.0,601.9
3513,1620440913.0,594.6
3514,1620440914.0,585.3
3515,1620440915.0,583.9
3516,1620440916.0,592.9
3517,1620440917.0,599.9
3518,1620440918.0,594.8
3519,1620440919.0,585.0
3520,1620440920.0,580.7
3521,1620440921.0,579.6
3522,1620440922.0,579.3
3523,1620440923.0,586.9
3524,1620440924.0,604.4
3525,1620440925.0,614.4
3526,1620440926.0,603.9
3527,1620440927.0,587.2
3528,1620440928.0,582.4
3529,1620440929.0,587.0
3530,1620440930.0,589.7
3531,1620440931.0,587.8
3532,1620440932.0,586.6
3533,1620440933.0,588.1
3534,1620440934.0,589.4
3535,1620440935.0,590.6
3536,1620440936.0,593.2
3537,1620440937.0,599.2
3538,1620440938.0,607.4
3539,1620440939.0,610.0
3540,1620440940.0,601.1
3541,1620440941.0,582.0
3542,1620440942.0,560.8
3543,1620440943.0,551.0
3544,1620440944.0,559.6
3545,1620440945.0,581.2
3546,1620440946.0,603.9
3547,1620440947.0,610.6
3548,1620440948.0,597.5
3549,1620440949.0,580.0
3550,1620440950.0,578.2
3551,1620440951.0,591.5
3552,1620440952.0,601.9
3553,1620440953.0,596.5
3554,1620440954.0,582.9
3555,1620440955.0,573.5
3556,1620440956.0,572.9
3557,1620440957.0,581.9
3558,1620440958.0,593.6
3559,1620440959.0,600.5
3560,1620440960.0,600.8
3561,1620440961.0,595.4
3562,1620440962.0,586.4
3563,1620440963.0,580.9
3564,1620440964.0,583.5
3565,1620440965.0,589.6
3566,1620440966.0,593.3
3567,1620440967.0,591.9
3568,1620440968.0,588.3
3569,1620440969.0,588.9
3570,1620440970.0,590.2
3571,1620440971.0,583.6
3572,1620440972.0,572.9
3573,1620440973.0,573.6
3574,1620440974.0,588.7
3575,1620440975.0,604.2
3576,1620440976.0,607.8
3577,1620440977.0,599.3
3578,1620440978.0,585.4
3579,1620440979.0,575.4
3580,1620440980.0,574.5
3581,1620440981.0,578.4
3582,1620440982.0,583.6
3583,1620440983.0,589.7
3584,1620440984.0,592.2
3585,1620440985.0,589.3
3586,1620440986.0,587.2
3587,1620440987.0,591.4
3588,1620440988.0,593.4
3589,1620440989.0,582.1
3590,1620440990.0,569.0
3591,1620440991.0,572.4
3592,1620440992.0,586.4
3593,1620440993.0,599.9
3594,1620440994.0,606.9
3595,1620440995.0,603.3
3596,1620440996.0,593.3
3597,1620440997.0,583.2
3598,1620440998.0,581.3
3599,1620440999.0,588.9
3600,1620441000.0,595.1
